label,iteration,orientation,plane,sigma_y,sigma_x,r,warm_start,call_iterations,call_max_iterations,call_percent_last,call_gradient_last,distance_start,distance_call,max_distance_call,replay_difference,reference_iterations,reference_statistic,reference_exact_gradient,seconds,iterations_to_0.1,iterations_to_0.03,iterations_to_0.01,percent_0.05_cap_15_stop,percent_0.05_cap_15_distance,percent_0.2_cap_15_stop,percent_0.2_cap_15_distance,gradient_0.03_cap_200_stop,gradient_0.03_cap_200_distance,gradient_0.01_cap_200_stop,gradient_0.01_cap_200_distance
A,5,XZt,130,0.005993252620100975,0.0006083836196921766,0.10151142597455311,0,15,15,0.17006543535899032,,0.30351495204723467,0.11448557473053404,4.916584177724847,0.23858257218183848,244,0.0009946649924580345,0.000785057328148132,15.0,19,64,115,15,0.11465562484650224,14,0.11917511547957849,84,0.01901909658056801,136,0.00627185879283363
A,10,XYt,364,0.005993252620100975,0.0006083836196921766,0.10151142597455311,0,15,15,0.3105367903517099,,0.2283132458177095,0.0847018530330567,1.0383155372182336,0.019598440205332975,212,0.0009941991109786385,0.0007471422864668846,1.5,11,48,91,15,0.08478480628744262,15,0.08478480628744262,67,0.0179979261461014,112,0.005982976958499425
B,10,YZt,130,0.005993252620100975,0.0006083836196921766,0.10151142597455311,0,15,15,0.27516000192554824,,0.37495758164994214,0.1481692602856067,6.052975460303835,3.5896286769996174e-05,240,0.0009925925567081813,0.0007849264465000065,0.8,26,66,113,15,0.14816925985903037,15,0.14816925985903037,85,0.01856520307175071,134,0.006195017815805812
C,10,YZt,130,0.005993252620100975,0.0006083836196921766,0.10151142597455311,0,135,200,0.005801929116959043,0.009885761813951463,0.3967516202617479,0.006230571885664844,0.26221410977364207,7.458968679479724e-06,126,0.000989953448880821,0.0007920590955938635,1.3,27,66,113,15,0.156323605124576,15,0.156323605124576,85,0.01870350565448593,135,0.00623057174695546
D,10,YZt,130,0.003615786706056167,0.0005691691185347736,0.15741224934022208,0,54,200,0.008804157601092596,0.00953426868210127,0.39094210253310274,0.005924973744836426,0.22158256787355504,8.242278876068297e-06,51,0.0009762336146971339,0.0007762352318936099,2.3,11,27,45,15,0.07151115525109053,14,0.07754725423292914,35,0.017763032748736536,54,0.005924973001320023
Bw,5,XZt,130,0.005993252620100975,0.0006083836196921766,0.10151142597455311,1,15,15,0.12940045700457448,,0.2997178716412049,0.2132309282075869,20.477270813086637,0.00021506693025833207,298,0.000995476183664691,0.0007662933833512054,4.6,51,110,165,15,0.21323092787247788,2,0.28596969876018546,130,0.02002029202903215,187,0.006327298479219193
Bw,10,XYt,364,0.005993252620100975,0.0006083836196921766,0.10151142597455311,1,15,15,0.20919522174409824,,0.11631862262968261,0.0872545231831505,0.4651495373652374,6.21580723289977e-07,292,0.000987011242910177,0.000728796627404308,7.3,8,76,139,15,0.08725452314169889,15,0.08725452314169889,100,0.01957684295615098,166,0.0061219780979649375
Cw,5,XZt,130,0.005993252620100975,0.0006083836196921766,0.10151142597455311,1,137,200,0.005808223604049839,0.009929081075101287,0.09344371487658427,0.006268699103299694,0.1272680315128995,9.945291572639633e-06,138,0.0009941384702258334,0.0007464648583064167,4.0,1,53,113,15,0.06469114154479941,1,0.09093990940462308,75,0.01982147399054613,137,0.00626869817355072
Cw,10,XYt,364,0.005993252620100975,0.0006083836196921766,0.10151142597455311,1,56,200,0.018059594194474456,0.009962191208607156,0.016352452198400914,0.006204083767128161,0.012475841542844548,6.21580723289977e-07,146,0.0009930612062503499,0.0007290168865747143,3.0,1,1,29,2,0.015791052024385084,1,0.016070697928608057,1,0.016070697928608057,56,0.006204083784026308
frame_A,0,frame,49,0.004051710478961468,0.0010070203570649028,0.24854203238209205,0,13,15,0.16272132997927222,,0.6183067397965061,0.020181816158416733,10.151108001372718,10.150475429095245,25,0.000995899385070818,0.0007504899495039406,5.2,5,10,16,15,0.010536106878814165,12,0.018927026255360295,14,0.012743969659455442,20,0.004305191823131973
frame_B,0,frame,49,0.004051710478961468,0.0010070203570649028,0.24854203238209205,0,12,15,0.18922092965026144,,0.6183067397965061,0.01892702879038257,0.302469939599921,7.35549159853451e-06,25,0.000995899385070818,0.0007504899495039406,1.9,5,10,16,15,0.010536106878814165,12,0.018927026255360295,14,0.012743969659455442,20,0.004305191823131973
frame_C,0,frame,49,0.004051710478961468,0.0010070203570649028,0.24854203238209205,0,20,200,0.03451661885272627,0.008499207749385979,0.6183067397965061,0.004305192934147243,0.1288732122420205,1.471098319706902e-05,25,0.000995899385070818,0.0007504899495039406,2.0,5,10,16,15,0.010536106878814165,12,0.018927026255360295,14,0.012743969659455442,20,0.004305191823131973
frame_D,0,frame,49,0.003615786706056167,0.0009913385147228837,0.27416952251704096,0,17,200,0.03744031581201293,0.008228404144117978,0.6300258817647815,0.0040494482402452635,0.11116973251788645,1.6484557752136594e-05,13,0.0009797532733027015,0.0007242346866604342,3.5,5,9,13,15,0.00626629936283773,11,0.015826339813896348,12,0.01244867280379118,17,0.00404943657460533
A,1,XYt,364,0.005993252620100975,0.0006083836196921766,0.10151142597455311,0,15,15,0.9016879154870631,,0.8080089495234152,0.13156619274731732,1.7090804863123263,0.35377080391832055,201,0.0009811127718160233,0.0007432126636513028,14.8,21,55,93,15,0.13219976096861907,15,0.13219976096861907,74,0.01661174209001594,114,0.005517277515335493
A,5,YZt,130,0.005993252620100975,0.0006083836196921766,0.10151142597455311,0,15,15,0.2728965871027837,,0.3665267676099277,0.1425915601111281,6.2523487204605415,0.19628680107521035,239,0.0009859784140981585,0.0007766001344953696,2.0,25,64,111,15,0.1428834691752926,15,0.1428834691752926,84,0.018398253583087054,133,0.0061388876615562984
A,10,XZt,130,0.005993252620100975,0.0006083836196921766,0.10151142597455311,0,15,15,0.16142871116061405,,0.30270480882361284,0.11795919491157365,5.875156133307931,0.18474544560034287,247,0.000987189565367345,0.0007796869366578528,0.9,20,66,117,15,0.1181531817420277,13,0.12754455453448005,85,0.019378041647394567,138,0.006276441260576956
B,1,XYt,364,0.005993252620100975,0.0006083836196921766,0.10151142597455311,0,15,15,0.8995409530670042,,0.8080089495234152,0.13219976121275928,1.7079644381236592,7.070480727423489e-06,201,0.0009811127718160233,0.0007432126636513028,0.3,21,55,93,15,0.13219976096861907,15,0.13219976096861907,74,0.01661174209001594,114,0.005517277515335493
B,5,XYt,364,0.005993252620100975,0.0006083836196921766,0.10151142597455311,0,15,15,0.3539893528377994,,0.23463838638872417,0.08426352012573421,0.9906784646831819,6.21580723289977e-07,213,0.0009898635059845192,0.0007426866279352521,0.3,11,48,91,15,0.08426351964958634,15,0.08426351964958634,68,0.017501383780491705,113,0.005889028626356899
C,1,XYt,364,0.005993252620100975,0.0006083836196921766,0.10151142597455311,0,114,200,0.016959368083806926,0.009824292934716025,0.8080089495234152,0.005517278209994148,0.04930514267919318,1.243161446579954e-06,201,0.0009811127718160233,0.0007432126636513028,0.8,21,55,93,15,0.13219976096861907,15,0.13219976096861907,74,0.01661174209001594,114,0.005517277515335493
C,5,XYt,364,0.005993252620100975,0.0006083836196921766,0.10151142597455311,0,112,200,0.017430827439985128,0.00997240234670439,0.23376485977282613,0.005903670696467576,0.03951332327201336,9.323710849349655e-07,115,0.000997083203386766,0.0007483952242886638,0.7,12,48,91,15,0.08529694414277791,15,0.08529694414277791,68,0.01725970659726058,112,0.0059036700306503145
D,1,XYt,364,0.003615786706056167,0.0005691691185347736,0.15741224934022208,0,45,200,0.02257331620299956,0.009378887137479131,1.0901158276094174,0.005168669129418411,0.08710124791490752,4.1211394380341485e-06,42,0.0009555375851128653,0.0007140599718251344,1.8,12,23,36,15,0.06837289519777603,15,0.06837289519777603,31,0.014731974693392677,45,0.005168667278467935
D,5,XYt,364,0.003615786706056167,0.0005691691185347736,0.15741224934022208,0,47,200,0.025569025319984683,0.00973859595534136,0.29048898911246124,0.005487064976140869,0.07349021902874395,1.5454272892628058e-06,45,0.0009970294709491618,0.0007399924579361712,0.5,6,21,38,15,0.04464478417410731,15,0.04464478417410731,30,0.015746328745974068,47,0.0054870649150402795
Bw,1,XYt,364,0.005993252620100975,0.0006083836196921766,0.10151142597455311,0,15,15,0.8995409530670042,,0.8080089495234152,0.13219976121275928,1.7079644381236592,7.070480727423489e-06,201,0.0009811127718160233,0.0007432126636513028,0.3,21,55,93,15,0.13219976096861907,15,0.13219976096861907,74,0.01661174209001594,114,0.005517277515335493
Bw,5,YZt,130,0.005993252620100975,0.0006083836196921766,0.10151142597455311,1,15,15,0.1643982916490206,,0.30493594881389663,0.21621377701431657,17.52824571583256,0.00037419159542056616,299,0.0009965761865699297,0.0007671621468126995,9.3,51,110,165,15,0.21621377684454118,9,0.24741253062908455,130,0.020117853612343823,188,0.00625214589936114
Bw,10,XZt,130,0.005993252620100975,0.0006083836196921766,0.10151142597455311,1,15,15,0.05783079357965091,,0.11642036499312927,0.08074053195783029,8.072731160432161,2.0317919892541123e-05,263,0.000999770574162786,0.0007559860643386642,4.1,7,62,119,15,0.08074053233841097,1,0.11353964714807835,82,0.02011161774759089,143,0.006229691600880006
Cw,1,XYt,364,0.005993252620100975,0.0006083836196921766,0.10151142597455311,0,114,200,0.016959364214651294,0.0098242940271733,0.8080089495234152,0.005517278536482035,0.04930518152798838,2.0201373506924254e-06,201,0.0009811127718160233,0.0007432126636513028,0.7,21,55,93,15,0.13219976096861907,15,0.13219976096861907,74,0.01661174209001594,114,0.005517277515335493
Cw,5,YZt,130,0.005993252620100975,0.0006083836196921766,0.10151142597455311,1,138,200,0.006936542585375858,0.009873806459028031,0.0924195151702647,0.0062242988796571315,0.12752474435161826,7.458968679479724e-06,140,0.000991591030514466,0.0007404554308067789,4.0,1,53,113,15,0.06389974346553352,1,0.0899306363874585,74,0.020066676313406844,138,0.0062242981425744
Cw,10,XZt,130,0.005993252620100975,0.0006083836196921766,0.10151142597455311,1,60,200,0.0052564062421011845,0.009982588755988672,0.02322726719206367,0.006055395765872135,0.16299517062857038,4.972645786319816e-06,130,0.0009862213584832052,0.0007299451497561403,3.7,1,1,37,1,0.022667321123990617,1,0.022667321123990617,10,0.018252051197677106,60,0.0060553954512322745
A,1,XZt,130,0.005993252620100975,0.0006083836196921766,0.10151142597455311,0,15,15,0.41716838169238696,,0.7536839235613414,0.14982658890526138,6.6643100469511,0.8491265081490786,226,0.0009978458114791422,0.0008096515619474575,15.0,24,62,107,15,0.15027923864645717,15,0.15027923864645717,81,0.018296422563288027,127,0.006168182144984978
A,10,YZt,130,0.005993252620100975,0.0006083836196921766,0.10151142597455311,0,15,15,0.27508000627461204,,0.3749784130096813,0.14783780309617614,6.037552799397564,0.3811180248153672,240,0.0009971322349231124,0.0007883198833936359,0.8,26,66,113,15,0.14817107494086215,15,0.14817107494086215,85,0.018562375127912922,134,0.006191144951605677
B,1,XZt,130,0.005993252620100975,0.0006083836196921766,0.10151142597455311,0,15,15,0.4164459661053334,,0.7536839235613414,0.15027923915736627,6.857676350997933,0.00026106390378179036,226,0.0009978458114791422,0.0008096515619474575,0.8,24,62,107,15,0.15027923864645717,15,0.15027923864645717,81,0.018296422563288027,127,0.006168182144984978
B,5,XZt,130,0.005993252620100975,0.0006083836196921766,0.10151142597455311,0,15,15,0.17002939816702822,,0.3035641639757498,0.11467827573809558,5.061213580419959,3.8538004843978574e-05,244,0.000991208837794694,0.0007825271426761841,0.8,19,64,115,15,0.11467827630833549,14,0.11919891370446278,84,0.019025714316322204,136,0.006276599265373276
B,10,XYt,364,0.005993252620100975,0.0006083836196921766,0.10151142597455311,0,15,15,0.31046327057550266,,0.2283168798173071,0.08478511514591702,1.0393823154223811,6.21580723289977e-07,212,0.0009837697152256114,0.0007396220676930841,1.4,11,48,91,15,0.08478511488593914,15,0.08478511488593914,67,0.01800407313776579,112,0.0059880649383268455
C,1,XZt,130,0.005993252620100975,0.0006083836196921766,0.10151142597455311,0,127,200,0.005175049654670873,0.009873721441371077,0.7536839235613414,0.006168182943145357,0.24526611890901395,2.4863228931599083e-05,226,0.0009978458114791422,0.0008096515619474575,1.2,24,62,107,15,0.15027923864645717,15,0.15027923864645717,81,0.018296422563288027,127,0.006168182144984978
C,5,XZt,130,0.005993252620100975,0.0006083836196921766,0.10151142597455311,0,136,200,0.00503027691130262,0.009932095248335049,0.29632730623492637,0.006309674650202933,0.23655763214883874,7.458968679479724e-06,127,0.0009937725652140923,0.0007935739116031798,1.3,19,64,114,15,0.11440615919528478,13,0.12367979704548553,83,0.019256106644396358,136,0.0063096739597472236
C,10,XYt,364,0.005993252620100975,0.0006083836196921766,0.10151142597455311,0,111,200,0.016208394570107826,0.009866329793171693,0.2398486602172949,0.005915167709989464,0.05067680865616423,6.21580723289977e-07,114,0.0009854357820994087,0.000742344485907436,0.7,13,48,90,15,0.08830976751739544,15,0.08830976751739544,67,0.017627505723302517,111,0.005915167429259723
D,1,XZt,130,0.003615786706056167,0.0005691691185347736,0.15741224934022208,0,52,200,0.007153125558172198,0.00988451055289902,1.0027730409144178,0.00613181692061704,0.20217923726173218,1.6484557752136594e-05,50,0.0009830353974676835,0.0008081320356717942,2.3,14,27,44,15,0.08668572635454995,15,0.08668572635454995,35,0.01690324754971044,52,0.006131817858112943
D,5,XZt,130,0.003615786706056167,0.0005691691185347736,0.15741224934022208,0,53,200,0.007474702798563857,0.009787869283031941,0.35407439033186416,0.006070828962167238,0.21838123939114854,8.242278876068297e-06,52,0.0009719569724703514,0.0007756029978233562,1.0,9,25,44,15,0.058692473393084525,11,0.08103861642700538,33,0.01817282949908815,53,0.006070827347264848
D,10,XYt,364,0.003615786706056167,0.0005691691185347736,0.15741224934022208,0,45,200,0.022360605529099447,0.009719219538763863,0.25912828173873986,0.005673116293972344,0.08484653389267681,1.5454272892628058e-06,44,0.0009897308707774535,0.0007409489251790991,0.5,6,20,36,15,0.04217294072260287,15,0.04217294072260287,28,0.01677568213776585,45,0.005673115048154712
Bw,1,XZt,130,0.005993252620100975,0.0006083836196921766,0.10151142597455311,0,15,15,0.4164459661053334,,0.7536839235613414,0.15027923915736627,6.857676350997933,0.00027100919535443,226,0.0009978458114791422,0.0008096515619474575,0.7,24,62,107,15,0.15027923864645717,15,0.15027923864645717,81,0.018296422563288027,127,0.006168182144984978
Bw,10,YZt,130,0.005993252620100975,0.0006083836196921766,0.10151142597455311,1,15,15,0.07974333791601874,,0.12292955819727708,0.08560237227439871,7.34743782871908,4.654085665633703e-05,273,0.0009994078997753975,0.0007509759330186138,4.0,9,66,125,15,0.08560237022189855,1,0.11989715639803371,87,0.020142232262573553,149,0.006361674364726365
Cw,1,XZt,130,0.005993252620100975,0.0006083836196921766,0.10151142597455311,0,127,200,0.005175049654670873,0.009873721441371077,0.7536839235613414,0.006168182943145357,0.24526611890901395,1.9890583145279265e-05,226,0.0009978458114791422,0.0008096515619474575,1.1,24,62,107,15,0.15027923864645717,15,0.15027923864645717,81,0.018296422563288027,127,0.006168182144984978
Cw,10,YZt,130,0.005993252620100975,0.0006083836196921766,0.10151142597455311,1,62,200,0.006601326379422984,0.009862716927189322,0.024156277905058945,0.006073290331338447,0.14729171063055324,4.972645786319816e-06,133,0.0009861011692296126,0.0007299114668723305,3.4,1,1,39,1,0.02354429952851094,1,0.02354429952851094,10,0.0188425263105823,62,0.006073290251108439
A,1,YZt,130,0.005993252620100975,0.0006083836196921766,0.10151142597455311,0,15,15,0.5514924375710232,,0.7829569645256499,0.17123933368650662,7.526285871812029,0.5652083243333624,224,0.0009939910699415958,0.0008045005489311493,15.0,27,64,106,15,0.1717155524876402,15,0.1717155524876402,83,0.017589148560291527,126,0.006108870323788634
A,5,XYt,364,0.005993252620100975,0.0006083836196921766,0.10151142597455311,0,15,15,0.3536506504728117,,0.2345135177066218,0.0842077298399151,0.9917683093594828,0.01880747873494648,214,0.0009832442478319879,0.0007373408298717674,1.5,11,48,91,15,0.08425309429498233,15,0.08425309429498233,68,0.01750633153973115,113,0.005895144376489849
B,1,YZt,130,0.005993252620100975,0.0006083836196921766,0.10151142597455311,0,15,15,0.5505478908417876,,0.7829569645256499,0.17171555409802208,7.525276424717406,0.0003953253400124254,224,0.0009939910699415958,0.0008045005489311493,0.9,27,64,106,15,0.1717155524876402,15,0.1717155524876402,83,0.017589148560291527,126,0.006108870323788634
B,5,YZt,130,0.005993252620100975,0.0006083836196921766,0.10151142597455311,0,15,15,0.2729947418136465,,0.36654213091831767,0.14286348637302612,6.268467551776897,0.00013923408201695485,238,0.0009998061874085867,0.000787735412625977,0.8,25,64,111,15,0.14286348410648364,15,0.14286348410648364,84,0.018391958881457414,133,0.006132014414564132
B,10,XZt,130,0.005993252620100975,0.0006083836196921766,0.10151142597455311,0,15,15,0.16141128629908247,,0.30267903270249563,0.11817501414611273,5.908567340346214,1.9269002421989287e-05,247,0.0009835592794125254,0.0007769301827339344,0.8,20,66,117,15,0.11817501398689563,13,0.12756718925988944,85,0.01938092055310975,138,0.006279099228870525
C,1,YZt,130,0.005993252620100975,0.0006083836196921766,0.10151142597455311,0,126,200,0.006626885195484445,0.009967829694432516,0.7829569645256499,0.00610887153703782,0.2729601818496564,1.7404260252119356e-05,224,0.0009939910699415958,0.0008045005489311493,1.3,27,64,106,15,0.1717155524876402,15,0.1717155524876402,83,0.017589148560291527,126,0.006108870323788634
C,5,YZt,130,0.005993252620100975,0.0006083836196921766,0.10151142597455311,0,133,200,0.006124256517885519,0.009966212936212254,0.36887883784863446,0.006239580076995705,0.260228018535848,9.945291572639633e-06,126,0.0009877270378817822,0.0007880846866720333,1.3,25,65,112,15,0.1455956859863056,15,0.1455956859863056,84,0.018424576275409485,133,0.006239579709294216
C,10,XZt,130,0.005993252620100975,0.0006083836196921766,0.10151142597455311,0,138,200,0.004789932028983003,0.009882318494528322,0.310564670546713,0.006317479747444732,0.23603953004767836,7.458968679479724e-06,128,0.0009853583004987027,0.000787964079999142,1.3,20,65,116,15,0.11895562717288434,14,0.12372831557764685,84,0.019439767290612107,138,0.006317479475247833
D,1,YZt,130,0.003615786706056167,0.0005691691185347736,0.15741224934022208,0,53,200,0.008955050506123375,0.009494353127324304,1.0212994962192226,0.005837298935276436,0.20780639559315292,4.9453673256409785e-05,48,0.0009947657233987464,0.0008122411964437905,2.3,15,28,44,15,0.09261962033981584,15,0.09261962033981584,36,0.016662163067105346,53,0.00583729935929937
D,5,YZt,130,0.003615786706056167,0.0005691691185347736,0.15741224934022208,0,54,200,0.009259588069978395,0.009605557588947296,0.400984491665488,0.005836421416335734,0.2166784360895958,8.242278876068297e-06,50,0.0009789543872713346,0.0007768102455236733,1.0,11,27,45,15,0.07109000598202074,14,0.07705455233978152,35,0.017739458662475754,54,0.005836419956628302
D,10,XZt,130,0.003615786706056167,0.0005691691185347736,0.15741224934022208,0,53,200,0.007066166536119359,0.009728421884417932,0.332400651405742,0.006188523673602072,0.22088890444458953,1.6484557752136594e-05,53,0.0009717599401226141,0.0007750841525745666,1.0,9,25,44,15,0.05757083099281826,10,0.08627132877258925,33,0.018112206103093033,53,0.006188522905140005
Bw,1,YZt,130,0.005993252620100975,0.0006083836196921766,0.10151142597455311,0,15,15,0.5505478908417876,,0.7829569645256499,0.17171555409802208,7.525276424717406,0.0003953253400124254,224,0.0009939910699415958,0.0008045005489311493,0.8,27,64,106,15,0.1717155524876402,15,0.1717155524876402,83,0.017589148560291527,126,0.006108870323788634
Bw,5,XYt,364,0.005993252620100975,0.0006083836196921766,0.10151142597455311,1,15,15,0.23735849401840226,,0.17117428747038252,0.12516681932536575,0.9344592076772679,3.107903616449885e-07,272,0.0009977513997388202,0.0007486380640593745,4.6,26,86,140,15,0.12516681913336475,15,0.12516681913336475,107,0.01944874253359446,163,0.006196519130730145
Cw,1,YZt,130,0.005993252620100975,0.0006083836196921766,0.10151142597455311,0,126,200,0.006626885195484445,0.009967829694432516,0.7829569645256499,0.00610887153703782,0.2729601818496564,1.9890583145279265e-05,224,0.0009939910699415958,0.0008045005489311493,1.2,27,64,106,15,0.1717155524876402,15,0.1717155524876402,83,0.017589148560291527,126,0.006108870323788634
Cw,5,XYt,364,0.005993252620100975,0.0006083836196921766,0.10151142597455311,1,136,200,0.018579086245626975,0.009978494113014111,0.07042260993093638,0.006226170078518152,0.023963053785690778,6.21580723289977e-07,141,0.0009968873715434062,0.0007349801849693882,3.3,1,48,110,15,0.05326678358620434,3,0.06649487496341022,71,0.019769751445125387,136,0.006226169426809666
