label,iteration,orientation,volumes,median,mean,max,cap,fraction_at_cap
A,1,XYt,728,15.0,15.0,15,15,1.0
A,1,XZt,260,15.0,15.0,15,15,1.0
A,1,YZt,260,15.0,15.0,15,15,1.0
A,2,XYt,728,15.0,15.0,15,15,1.0
A,2,XZt,260,15.0,15.0,15,15,1.0
A,2,YZt,260,15.0,15.0,15,15,1.0
A,3,XYt,728,15.0,15.0,15,15,1.0
A,3,XZt,260,15.0,15.0,15,15,1.0
A,3,YZt,260,15.0,15.0,15,15,1.0
A,4,XYt,728,15.0,15.0,15,15,1.0
A,4,XZt,260,15.0,15.0,15,15,1.0
A,4,YZt,260,15.0,15.0,15,15,1.0
A,5,XYt,728,15.0,15.0,15,15,1.0
A,5,XZt,260,15.0,15.0,15,15,1.0
A,5,YZt,260,15.0,15.0,15,15,1.0
A,6,XYt,728,15.0,15.0,15,15,1.0
A,6,XZt,260,15.0,15.0,15,15,1.0
A,6,YZt,260,15.0,15.0,15,15,1.0
A,7,XYt,728,15.0,15.0,15,15,1.0
A,7,XZt,260,15.0,15.0,15,15,1.0
A,7,YZt,260,15.0,15.0,15,15,1.0
A,8,XYt,728,15.0,15.0,15,15,1.0
A,8,XZt,260,15.0,15.0,15,15,1.0
A,8,YZt,260,15.0,15.0,15,15,1.0
A,9,XYt,728,15.0,15.0,15,15,1.0
A,9,XZt,260,15.0,15.0,15,15,1.0
A,9,YZt,260,15.0,15.0,15,15,1.0
A,10,XYt,728,15.0,15.0,15,15,1.0
A,10,XZt,260,15.0,15.0,15,15,1.0
A,10,YZt,260,15.0,15.0,15,15,1.0
B,1,XYt,728,15.0,15.0,15,15,1.0
B,1,XZt,260,15.0,15.0,15,15,1.0
B,1,YZt,260,15.0,15.0,15,15,1.0
B,2,XYt,728,15.0,15.0,15,15,1.0
B,2,XZt,260,15.0,15.0,15,15,1.0
B,2,YZt,260,15.0,15.0,15,15,1.0
B,3,XYt,728,15.0,15.0,15,15,1.0
B,3,XZt,260,15.0,15.0,15,15,1.0
B,3,YZt,260,15.0,15.0,15,15,1.0
B,4,XYt,728,15.0,15.0,15,15,1.0
B,4,XZt,260,15.0,15.0,15,15,1.0
B,4,YZt,260,15.0,15.0,15,15,1.0
B,5,XYt,728,15.0,15.0,15,15,1.0
B,5,XZt,260,15.0,15.0,15,15,1.0
B,5,YZt,260,15.0,15.0,15,15,1.0
B,6,XYt,728,15.0,15.0,15,15,1.0
B,6,XZt,260,15.0,15.0,15,15,1.0
B,6,YZt,260,15.0,15.0,15,15,1.0
B,7,XYt,728,15.0,15.0,15,15,1.0
B,7,XZt,260,15.0,15.0,15,15,1.0
B,7,YZt,260,15.0,15.0,15,15,1.0
B,8,XYt,728,15.0,15.0,15,15,1.0
B,8,XZt,260,15.0,15.0,15,15,1.0
B,8,YZt,260,15.0,15.0,15,15,1.0
B,9,XYt,728,15.0,15.0,15,15,1.0
B,9,XZt,260,15.0,15.0,15,15,1.0
B,9,YZt,260,15.0,15.0,15,15,1.0
B,10,XYt,728,15.0,15.0,15,15,1.0
B,10,XZt,260,15.0,15.0,15,15,1.0
B,10,YZt,260,15.0,15.0,15,15,1.0
C,1,XYt,728,109.0,107.94505494505495,143,200,0.0
C,1,XZt,260,105.5,108.85,127,200,0.0
C,1,YZt,260,104.0,106.67307692307692,128,200,0.0
C,2,XYt,728,113.0,113.92445054945055,148,200,0.0
C,2,XZt,260,106.0,110.04230769230769,134,200,0.0
C,2,YZt,260,104.0,105.66153846153846,134,200,0.0
C,3,XYt,728,109.0,111.04120879120879,151,200,0.0
C,3,XZt,260,105.0,110.05,136,200,0.0
C,3,YZt,260,102.0,105.38076923076923,134,200,0.0
C,4,XYt,728,108.0,110.79945054945055,156,200,0.0
C,4,XZt,260,105.0,108.05384615384615,137,200,0.0
C,4,YZt,260,100.0,103.07692307692308,135,200,0.0
C,5,XYt,728,107.0,108.53296703296704,156,200,0.0
C,5,XZt,260,103.0,104.72692307692307,136,200,0.0
C,5,YZt,260,97.0,99.17692307692307,134,200,0.0
C,6,XYt,728,107.0,106.93406593406593,154,200,0.0
C,6,XZt,260,102.5,103.57307692307693,136,200,0.0
C,6,YZt,260,95.0,97.75,134,200,0.0
C,7,XYt,728,107.0,106.625,154,200,0.0
C,7,XZt,260,102.5,103.66538461538461,137,200,0.0
C,7,YZt,260,95.0,97.76153846153846,134,200,0.0
C,8,XYt,728,106.0,106.60027472527473,153,200,0.0
C,8,XZt,260,103.0,103.78846153846153,138,200,0.0
C,8,YZt,260,95.0,97.96153846153847,135,200,0.0
C,9,XYt,728,106.0,106.58241758241758,153,200,0.0
C,9,XZt,260,103.0,103.89615384615385,138,200,0.0
C,9,YZt,260,95.0,98.07692307692308,135,200,0.0
C,10,XYt,728,106.0,106.52335164835165,154,200,0.0
C,10,XZt,260,103.0,103.96923076923076,138,200,0.0
C,10,YZt,260,96.0,98.2,135,200,0.0
D,1,XYt,728,45.0,44.010989010989015,57,200,0.0
D,1,XZt,260,45.0,44.84615384615385,52,200,0.0
D,1,YZt,260,44.0,44.715384615384615,53,200,0.0
D,2,XYt,728,48.0,49.09615384615385,61,200,0.0
D,2,XZt,260,49.0,48.19615384615385,54,200,0.0
D,2,YZt,260,48.0,47.58076923076923,55,200,0.0
D,3,XYt,728,47.0,47.08516483516483,63,200,0.0
D,3,XZt,260,45.5,46.31923076923077,54,200,0.0
D,3,YZt,260,45.0,45.58461538461538,55,200,0.0
D,4,XYt,728,47.0,46.71840659340659,64,200,0.0
D,4,XZt,260,45.0,45.41538461538462,54,200,0.0
D,4,YZt,260,43.0,44.426923076923075,55,200,0.0
D,5,XYt,728,45.0,45.36813186813187,64,200,0.0
D,5,XZt,260,43.5,43.65,53,200,0.0
D,5,YZt,260,41.0,42.47692307692308,55,200,0.0
D,6,XYt,728,43.0,43.88873626373626,64,200,0.0
D,6,XZt,260,42.5,42.45,53,200,0.0
D,6,YZt,260,39.5,41.0,54,200,0.0
D,7,XYt,728,42.0,43.22802197802198,64,200,0.0
D,7,XZt,260,42.5,42.215384615384615,53,200,0.0
D,7,YZt,260,39.0,40.59230769230769,54,200,0.0
D,8,XYt,728,42.0,43.09478021978022,64,200,0.0
D,8,XZt,260,42.5,42.253846153846155,53,200,0.0
D,8,YZt,260,39.0,40.59615384615385,55,200,0.0
D,9,XYt,728,42.0,43.07142857142857,63,200,0.0
D,9,XZt,260,42.5,42.261538461538464,53,200,0.0
D,9,YZt,260,39.0,40.58846153846154,55,200,0.0
D,10,XYt,728,42.0,43.01648351648352,63,200,0.0
D,10,XZt,260,42.5,42.26923076923077,53,200,0.0
D,10,YZt,260,39.0,40.603846153846156,55,200,0.0
Bw,1,XYt,728,15.0,15.0,15,15,1.0
Bw,1,XZt,260,15.0,15.0,15,15,1.0
Bw,1,YZt,260,15.0,15.0,15,15,1.0
Bw,2,XYt,728,15.0,15.0,15,15,1.0
Bw,2,XZt,260,15.0,15.0,15,15,1.0
Bw,2,YZt,260,15.0,15.0,15,15,1.0
Bw,3,XYt,728,15.0,15.0,15,15,1.0
Bw,3,XZt,260,15.0,15.0,15,15,1.0
Bw,3,YZt,260,15.0,15.0,15,15,1.0
Bw,4,XYt,728,15.0,15.0,15,15,1.0
Bw,4,XZt,260,15.0,15.0,15,15,1.0
Bw,4,YZt,260,15.0,15.0,15,15,1.0
Bw,5,XYt,728,15.0,15.0,15,15,1.0
Bw,5,XZt,260,15.0,15.0,15,15,1.0
Bw,5,YZt,260,15.0,15.0,15,15,1.0
Bw,6,XYt,728,15.0,15.0,15,15,1.0
Bw,6,XZt,260,15.0,15.0,15,15,1.0
Bw,6,YZt,260,15.0,15.0,15,15,1.0
Bw,7,XYt,728,15.0,15.0,15,15,1.0
Bw,7,XZt,260,15.0,15.0,15,15,1.0
Bw,7,YZt,260,15.0,15.0,15,15,1.0
Bw,8,XYt,728,15.0,14.901098901098901,15,15,0.9876373626373627
Bw,8,XZt,260,15.0,15.0,15,15,1.0
Bw,8,YZt,260,15.0,15.0,15,15,1.0
Bw,9,XYt,728,15.0,14.912087912087912,15,15,0.989010989010989
Bw,9,XZt,260,15.0,15.0,15,15,1.0
Bw,9,YZt,260,15.0,15.0,15,15,1.0
Bw,10,XYt,728,15.0,14.896978021978022,15,15,0.989010989010989
Bw,10,XZt,260,15.0,15.0,15,15,1.0
Bw,10,YZt,260,15.0,15.0,15,15,1.0
Cw,1,XYt,728,109.0,107.94505494505495,143,200,0.0
Cw,1,XZt,260,105.5,108.85,127,200,0.0
Cw,1,YZt,260,104.0,106.67307692307692,128,200,0.0
Cw,2,XYt,728,200.0,195.08104395604394,200,200,0.5508241758241759
Cw,2,XZt,260,200.0,199.96153846153845,200,200,0.9884615384615385
Cw,2,YZt,260,200.0,199.94615384615383,200,200,0.9846153846153847
Cw,3,XYt,728,151.0,150.44505494505495,200,200,0.03159340659340659
Cw,3,XZt,260,163.0,162.29615384615386,200,200,0.019230769230769232
Cw,3,YZt,260,166.5,163.98461538461538,200,200,0.011538461538461539
Cw,4,XYt,728,141.0,142.12774725274724,200,200,0.005494505494505495
Cw,4,XZt,260,146.0,144.03846153846155,200,200,0.0038461538461538464
Cw,4,YZt,260,148.0,144.85384615384615,198,200,0.0
Cw,5,XYt,728,131.0,128.61401098901098,188,200,0.0
Cw,5,XZt,260,135.5,136.14615384615385,190,200,0.0
Cw,5,YZt,260,135.0,136.55769230769232,190,200,0.0
Cw,6,XYt,728,115.0,102.97115384615384,190,200,0.0
Cw,6,XZt,260,112.0,115.18076923076923,153,200,0.0
Cw,6,YZt,260,114.0,115.51153846153846,153,200,0.0
Cw,7,XYt,728,81.0,65.9478021978022,177,200,0.0
Cw,7,XZt,260,82.0,84.21538461538462,121,200,0.0
Cw,7,YZt,260,85.0,84.5,120,200,0.0
Cw,8,XYt,728,48.0,50.43543956043956,152,200,0.0
Cw,8,XZt,260,65.0,62.276923076923076,69,200,0.0
Cw,8,YZt,260,65.0,62.473076923076924,68,200,0.0
Cw,9,XYt,728,55.0,57.3021978021978,147,200,0.0
Cw,9,XZt,260,61.0,59.261538461538464,72,200,0.0
Cw,9,YZt,260,61.0,59.33846153846154,72,200,0.0
Cw,10,XYt,728,56.0,55.32967032967033,147,200,0.0
Cw,10,XZt,260,60.0,58.823076923076925,73,200,0.0
Cw,10,YZt,260,59.0,58.76538461538462,72,200,0.0
