first,second,relative_rms,frame_relative_rms_min,frame_relative_rms_median,frame_relative_rms_max,max_abs_over_max,rms_difference,rms_second,max_abs_difference
A,B,0.000741485693716346,0.0004554659356269696,0.0005720157492381216,0.0014998811569534572,0.017013381269379815,7.325184233063389e-06,0.009879063473698825,0.004368603229522705
A,C,0.057649001032830056,0.049245437008413454,0.05748932364595024,0.06981358489215281,0.44330688582198313,0.000560441058729231,0.009721609198571714,0.08636537194252014
A,D,0.022992774340351,0.01665976324625217,0.01910504642297686,0.04331727656383392,0.34723089586988726,0.0002273325098856873,0.009887128300421396,0.12252187728881836
A,Bw,0.09726908703972299,0.0915088264002884,0.09714563576344981,0.10849290688204766,0.19935204652747046,0.0009426359069824128,0.00969101217735761,0.04617011547088623
A,Cw,0.06134408196513115,0.05245596435357611,0.06132863005949115,0.07339585974736179,0.43838081971187937,0.0005952282064327371,0.009703107249548102,0.08567442744970322
B,C,0.0579444982000883,0.04959022323507108,0.05766413848502975,0.0701544364934701,0.45352342071001217,0.0005633137667086005,0.009721609198571714,0.08835576474666595
B,D,0.022394104291008368,0.016293261362681798,0.01864136406424141,0.04210185462705416,0.3412782303652876,0.00022141338229821707,0.009887128300421396,0.12042145431041718
B,Bw,0.09743350444155513,0.09170213504340269,0.09724488372400035,0.10872807148102136,0.20419336072236632,0.0009442292780257375,0.00969101217735761,0.04729136824607849
B,Cw,0.06162705715269258,0.05278787831618308,0.0615561776673116,0.07373011288044909,0.44831273912837943,0.0005979739450266066,0.009703107249548102,0.08761546015739441
C,D,0.06596923350661751,0.0572189256009227,0.06396051675273523,0.08759556170590416,0.5064943121611118,0.0006522462755603856,0.009887128300421396,0.17871864140033722
C,Bw,0.06768789743249916,0.06622915843563082,0.06734990931679716,0.07457645726594561,0.21434026526278893,0.0006559642382780823,0.00969101217735761,0.04964140057563782
C,Cw,0.0062819863348457195,0.005881317661196972,0.006383703572431664,0.006713976941720343,0.006510201031768905,6.095478714720361e-05,0.009703107249548102,0.0012723132967948914
D,Bw,0.10205505430737762,0.09488410535893402,0.10106834976131243,0.11685950901467873,0.6083902730028694,0.0009890167740536887,0.00969101217735761,0.14090374112129211
D,Cw,0.07021564424796867,0.06045073921468789,0.06836595687201501,0.09140680046255298,0.9124247636736829,0.0006813099267341552,0.009703107249548102,0.17831863462924957
Bw,Cw,0.06524862422434641,0.06386308850663923,0.06487723798150515,0.07190624886484616,0.24777344697125656,0.0006331143987342955,0.009703107249548102,0.04842330515384674
