label,iteration,prox_total_sec,denoise_total_sec,makespan_sec,iteration_total_sec,consensus_change_pct,denoise_mean_iterations
A,1,268.465571481036,178.53833839250728,112.86654963204637,115.07659024791792,57.53757150860177,15.0
A,2,292.3640682520345,69.76419786713086,91.49350504297763,93.74279847089201,16.92676455711791,15.0
A,3,441.96159849478863,69.79405307094567,128.95196361211129,131.2014831539709,8.16983089560653,15.0
A,4,518.6601192888338,68.38734718761407,147.3586836499162,149.60832225088961,4.08227929603627,15.0
A,5,518.3047131884377,69.23720544925891,147.7796496041119,149.969627995044,3.491684039074735,15.0
A,6,517.2716664695181,70.4368999118451,148.13966464693658,150.37753623188473,2.877143263410108,15.0
A,7,519.0476546704303,70.82689166953787,148.42696128296666,150.63913819100708,2.0289386794753956,15.0
A,8,519.0569424440619,68.9677918641828,147.88076285994612,150.09547127806582,1.493185354975409,15.0
A,9,517.6376960680354,69.55392904672772,147.69090329506435,149.92774946498685,1.2835004122527898,15.0
A,10,516.3410624880344,71.24468756420538,147.9026072609704,150.09313340298831,1.1461224689324303,15.0
B,1,298.9410388076212,153.06252505490556,114.08775185397826,116.39517687889747,57.53061017332679,15.0
B,2,300.07874307222664,71.11873979424126,93.90488107595593,96.19032766995952,16.930422327854195,15.0
B,3,440.99556632642634,72.66704658092931,129.86482341610827,132.09112609596923,8.16906163159074,15.0
B,4,523.2354287044145,70.23707682266831,149.27760714688338,151.51637867093086,4.089392433840418,15.0
B,5,524.2858040905558,70.07265175576322,149.5042347679846,151.74759207712486,3.4985797356838244,15.0
B,6,522.8973913730588,71.53130507213064,149.72361320303753,151.95653353002854,2.881212934835917,15.0
B,7,520.5052323453128,69.74716427130625,148.59850418404676,150.81895374297164,2.0314281097079894,15.0
B,8,521.08520370326,70.09053393616341,148.67915766709484,150.94298380007967,1.4953480554024587,15.0
B,9,521.702399645932,70.69503627461381,149.47856666892767,151.67463318188675,1.2852075353321943,15.0
B,10,517.3615467450581,68.79382036509924,147.44489785819314,149.66511872503906,1.1473802091037857,15.0
C,1,276.68994784820825,292.721654498484,144.93447714997455,147.14777678996325,58.310647978533495,107.86858974358974
C,2,290.57149802870117,201.40776718594134,125.20125672616996,127.409443045035,16.5692357043088,111.39423076923077
C,3,432.0978124511894,202.02392053510994,161.64796550711617,163.86308078910224,7.862879215596896,109.65544871794872
C,4,511.6176917736884,198.94207551376894,179.31190656800754,181.54803298809566,3.9999636229987714,108.61858974358974
C,5,511.5146867677104,195.40026259422302,178.30374703905545,180.50096207414754,3.2692923823128064,105.79086538461539
C,6,511.89987310697325,194.31492513604462,177.9382336649578,180.1485664700158,2.6308655310336935,104.32051282051282
C,7,506.0428407804575,194.94177250331268,176.61047311103903,178.8119500160683,1.7841965719183541,104.16185897435898
C,8,507.60826634336263,193.06839626748115,177.2557068017777,179.48365644481964,1.2628017253463095,104.21474358974359
C,9,511.1718959636055,192.37100663757883,177.78917187801562,180.01933343405835,1.065085227987161,104.25080128205128
C,10,507.14759166701697,195.22065001912415,177.31775668892078,179.50004390301183,0.9299628523478636,104.25721153846153
D,1,311.5994629871566,191.01963473833166,126.47832019603811,128.72432705108076,56.827111417669244,44.33173076923077
D,2,289.587714666035,111.25336017669179,101.48168935603462,103.71859511709772,16.920651638774654,48.592948717948715
D,3,435.0562374112196,109.42904449696653,137.2309390429873,139.4816466551274,8.20873778958348,46.61298076923077
D,4,513.8592296873685,109.9529782324098,157.40640617208555,159.6159417561721,4.3373070961707025,45.969551282051285
D,5,513.1427136447746,107.72914468031377,156.31488315202296,158.5124752339907,3.5336271177675562,44.40785256410256
D,6,512.8450541913044,105.76751954038627,155.73847851506434,157.98644348001108,2.8679131014915002,42.98717948717949
D,7,512.6729926697444,106.20407627383247,155.78775948402472,157.9977804129012,2.0730667104287446,42.467948717948715
D,8,513.7724320110865,108.46552852913737,156.78587112692185,158.99596965196542,1.5560192487342228,42.39903846153846
D,9,512.8690901356749,107.84593072743155,156.2647597710602,158.44023192604072,1.3188115072113478,42.385416666666664
D,10,511.32862889859825,106.7093375492841,155.67600552691147,157.86398835410364,1.1671382147490534,42.35817307692308
Bw,1,256.50400438532233,168.03261070232838,108.13352061109617,110.34124614298344,57.530610219357314,15.0
Bw,2,297.7387672890909,82.59223915124312,96.12353672087193,98.36292411386967,14.434909489756903,15.0
Bw,3,446.4080113226082,81.9715034046676,132.94279258302413,135.19126281305216,6.9537283524492635,15.0
Bw,4,526.2787169902585,84.08067530440167,153.4238184799906,155.67040412710048,4.070959625643365,15.0
Bw,5,526.8438409615774,82.49104361212812,153.4796458319761,155.70893738605082,3.496748344936778,15.0
Bw,6,524.5323929428123,82.09402997093275,152.6654080019798,154.9046720759943,2.932556506021342,15.0
Bw,7,523.3921812311746,86.05982197052799,153.38772289385088,155.60062234592624,2.1388219644406687,15.0
Bw,8,522.8504833860788,82.28480251389556,152.364200449083,154.619009335991,1.5536838881553043,14.942307692307692
Bw,9,523.4786834635306,83.48559866193682,152.9940031680744,155.21222269604914,1.3097349169794417,14.948717948717949
Bw,10,524.6505238446407,87.40467663505115,154.21517184004188,156.7662029119674,1.240149092037668,14.939903846153847
Cw,1,287.1449250986334,294.5048289075494,148.27881027082913,150.51741502596997,58.310647960097796,107.86858974358974
Cw,2,286.95911758067086,335.7202357701026,158.9138156939298,161.22556630987674,16.482058794956302,197.1113782051282
Cw,3,434.88196352450177,291.5009324429557,184.7391473071184,186.95660974015482,7.791220171174635,155.73477564102564
Cw,4,513.2355954356026,277.03872344386764,201.50437963497825,203.84654760779813,3.922168626314365,143.09375
Cw,5,511.98758017038926,258.6623661913909,195.98149755084887,198.19111941801384,3.2253329843249476,131.83814102564102
Cw,6,512.0167648550123,218.97789613250643,187.14986865990795,189.36425217799842,2.628185622297561,108.12740384615384
Cw,7,512.0501865930855,176.99672699323855,175.83178977901116,178.05245255399495,1.7674797028876317,73.61858974358974
Cw,8,516.2705393871292,145.32585559412837,167.35236261808313,169.55068229604512,1.2067694489958172,55.41025641025641
Cw,9,512.1796000557952,146.6930680370424,166.57920356700197,168.8089680268895,1.011452190654035,58.13461538461539
Cw,10,511.4934609392658,144.54152798256837,166.08591319411062,168.3720403430052,0.9029927484206717,56.77323717948718
