iteration,orientation,start,stop,device,volumes,seconds,max_iterations,iterations_min,iterations_median,iterations_mean,iterations_max,at_cap,percent_change_last_median,percent_change_last_max,gradient_last_median,gradient_last_max,sampled,sample_copy_seconds
1,XYt,0,73,cuda:3,73,10.1597,200,42,54.0,50.67123287671233,57,0,0.005561246848247622,0.035669040086279205,0.009800413525895071,0.009989268588570424,0,0.0
1,XYt,73,146,cuda:2,73,10.5993,200,42,43.0,42.821917808219176,44,0,0.024883199913305905,0.029718244548980515,0.009352519401186529,0.009999283127803061,0,0.0
1,XYt,219,292,cuda:3,73,1.3041,200,39,40.0,40.15068493150685,42,0,0.03109009857522947,0.039263074440254016,0.009500409438251934,0.009960915009124792,0,0.0
1,XYt,146,219,cuda:0,73,6.3934,200,41,41.0,41.397260273972606,42,0,0.02639539223443642,0.03095922328420923,0.009767538516332696,0.009977216808023567,0,0.0
1,XYt,292,365,cuda:2,73,1.4056,200,39,40.0,39.657534246575345,45,0,0.030342089193999364,0.039907651450068665,0.009345058091614391,0.009986410252988721,1,0.0299
1,XYt,365,438,cuda:3,73,1.439,200,45,45.0,45.02739726027397,46,0,0.021158588183546396,0.026536285912762577,0.00963763417919797,0.009959815271767604,0,0.0
1,XYt,438,511,cuda:0,73,1.4514,200,44,45.0,44.84931506849315,46,0,0.018822972843068855,0.0317840935286912,0.009498712300214353,0.009979949387314177,0,0.0
1,XYt,511,584,cuda:2,73,1.441,200,44,45.0,44.917808219178085,45,0,0.02319429945813501,0.03217807480682193,0.009708992974805528,0.009977710920044477,0,0.0
1,XYt,584,657,cuda:3,73,1.4475,200,45,45.0,45.205479452054796,46,0,0.021335813415818493,0.027498853467260366,0.00981367249495507,0.009991064212504858,0,0.0
1,XYt,657,728,cuda:0,71,2.0349,200,45,45.0,45.45070422535211,49,0,0.019505565938440945,0.032338279718727346,0.009742230356878996,0.009960164737848625,0,0.0
1,YZt,0,26,cuda:2,26,13.565,200,1,41.5,39.84615384615385,44,0,0.0449837521926958,0.0665844131434112,0.009675044476351443,0.009963176294513635,0,0.0
1,YZt,26,52,cuda:3,26,21.5461,200,42,43.0,42.92307692307692,44,0,0.05032824852669366,0.05709524497730565,0.009556729453327943,0.009950179476951102,0,0.0
1,YZt,104,130,cuda:2,26,8.2705,200,49,51.0,50.92307692307692,53,0,0.010882944203878399,0.012517738842249845,0.009653890553221363,0.009959140846569509,0,0.0
1,YZt,52,78,cuda:0,26,20.0672,200,43,45.0,44.61538461538461,45,0,0.03501863414040112,0.0419145044140638,0.00963014341120312,0.009967354563135992,0,0.0
1,YZt,130,156,cuda:3,26,2.5558,200,48,51.0,50.53846153846154,53,0,0.010752853169829695,0.013433590837777166,0.009672119202512442,0.009961909195388363,1,0.0427
1,YZt,156,182,cuda:2,26,2.3295,200,44,45.0,45.69230769230769,48,0,0.013739976213437647,0.01505879976961369,0.009532502919429288,0.009893321002126958,0,0.0
1,YZt,78,104,cuda:1,26,13.7085,200,45,46.0,46.34615384615385,48,0,0.012225375544468012,0.013515130687279957,0.00961739457489243,0.00995728812754376,0,0.0
1,YZt,182,208,cuda:0,26,2.2176,200,43,44.0,44.15384615384615,46,0,0.05704686502808518,0.06217645300467734,0.009630148581287036,0.009963404265623652,0,0.0
1,YZt,208,234,cuda:3,26,2.1293,200,41,42.0,42.46153846153846,44,0,0.056420292929721255,0.06138811451412389,0.009622507204765623,0.009981542897339338,0,0.0
1,YZt,234,260,cuda:2,26,2.0774,200,1,41.0,39.65384615384615,43,0,0.04555237282942219,0.0672935647569242,0.009619841983890286,0.00987338526069337,0,0.0
1,XZt,0,26,cuda:1,26,2.081,200,1,42.0,39.92307692307692,43,0,0.04312691918019288,0.0648696355995543,0.009577348366903675,0.009970844351236519,0,0.0
1,XZt,26,52,cuda:0,26,2.1125,200,42,43.0,42.84615384615385,44,0,0.05494946893633976,0.060768305377458184,0.009471363781996976,0.009988074418279024,0,0.0
1,XZt,52,78,cuda:3,26,2.2159,200,43,45.0,44.69230769230769,46,0,0.046718022507329815,0.057551798899345724,0.00964283153640708,0.009998431360798091,0,0.0
1,XZt,78,104,cuda:2,26,2.3161,200,45,46.0,46.34615384615385,48,0,0.015564344304134744,0.02171373088811685,0.009641747868539306,0.009990829722698056,0,0.0
1,XZt,104,130,cuda:1,26,2.5197,200,48,50.0,50.0,52,0,0.008378910326613014,0.011048107581153349,0.00971058025704813,0.009955180002227594,0,0.0
1,XZt,130,156,cuda:0,26,2.4997,200,48,50.0,50.11538461538461,52,0,0.008512038066990487,0.012543117642973235,0.009715461587668936,0.009907583814310485,1,0.0457
1,XZt,156,182,cuda:3,26,2.3171,200,45,47.0,46.73076923076923,48,0,0.01892780709370267,0.022254574522231858,0.009700938513928836,0.009985120504583715,0,0.0
1,XZt,182,208,cuda:2,26,2.178,200,43,45.0,44.42307692307692,45,0,0.02810068168482778,0.0316350717303151,0.009638775067910953,0.009982354120376848,0,0.0
1,XZt,208,234,cuda:1,26,2.1321,200,42,43.5,43.38461538461539,44,0,0.04777403674121487,0.05681072676117159,0.009614475895593461,0.009970622707090962,0,0.0
1,XZt,234,260,cuda:0,26,2.069,200,1,42.0,40.0,43,0,0.04296483819999091,0.06579827252338598,0.00958751808415272,0.009981359510424628,0,0.0
2,XYt,0,73,cuda:3,73,2.9141,200,46,54.0,53.397260273972606,61,0,0.003906771609268335,0.038024671940693554,0.009768837853680625,0.009985054721720666,0,0.0
2,XYt,73,146,cuda:0,73,2.3422,200,47,48.0,48.16438356164384,49,0,0.024083794637980216,0.0289614270531815,0.009706149098240928,0.009992424010832562,0,0.0
2,XYt,146,219,cuda:2,73,2.3628,200,48,48.0,48.342465753424655,49,0,0.024565868885339,0.029919651807407896,0.009604529827968453,0.0099822503590671,0,0.0
2,XYt,219,292,cuda:3,73,2.4097,200,47,48.0,48.3013698630137,50,0,0.030183090628773064,0.035494877693690224,0.009775692007007347,0.009995426015491018,0,0.0
2,XYt,292,365,cuda:0,73,2.5514,200,48,50.0,49.84931506849315,53,0,0.028745110604931602,0.03694416720332409,0.009773728515173389,0.009999651919681458,0,0.0
2,XYt,365,438,cuda:2,73,2.5181,200,51,51.0,51.273972602739725,52,0,0.024179201091279853,0.03176794751392174,0.0097921988374228,0.00999367261032236,0,0.0
2,XYt,438,511,cuda:3,73,2.5324,200,48,49.0,49.47945205479452,52,0,0.02277445007860933,0.03924369224698175,0.009711802632660561,0.009998742026117153,0,0.0
2,XYt,511,584,cuda:0,73,2.3764,200,47,48.0,48.38356164383562,49,0,0.0271371614221073,0.04045428159131188,0.009772243944623981,0.009989976396993616,0,0.0
2,XYt,584,657,cuda:2,73,2.3129,200,47,48.0,47.64383561643836,48,0,0.02450799976410556,0.03287188218149004,0.009634270920152085,0.009999167877551614,0,0.0
2,XYt,657,728,cuda:3,71,2.303,200,44,46.0,46.04225352112676,48,0,0.023192917143097836,0.03992296512051236,0.009817741474284554,0.009998931512710653,0,0.0
2,YZt,0,26,cuda:0,26,2.2082,200,14,43.0,41.11538461538461,45,0,0.052112201988261136,0.2181976955852502,0.009769721424751712,0.009973282671300994,0,0.0
2,YZt,26,52,cuda:2,26,2.3549,200,45,47.0,46.96153846153846,48,0,0.04643800967371667,0.052158709718205125,0.009720676325572558,0.009981857666414382,0,0.0
2,YZt,52,78,cuda:3,26,2.4401,200,47,48.0,48.26923076923077,50,0,0.0277836064951766,0.03286745491537908,0.00982870764291106,0.009992576813208264,0,0.0
2,YZt,78,104,cuda:0,26,2.4924,200,47,49.0,49.26923076923077,51,0,0.011911214705301482,0.013227929836160099,0.009770787075827325,0.009994979122371671,0,0.0
2,YZt,104,130,cuda:2,26,2.6954,200,51,54.0,53.53846153846154,55,0,0.011706524586766416,0.012638213146953233,0.009725592666155091,0.009995479949516262,0,0.0
2,YZt,156,182,cuda:0,26,2.5022,200,47,48.0,48.61538461538461,51,0,0.013767436578411483,0.015334461644347902,0.00969926410187066,0.009967986107148382,0,0.0
2,YZt,130,156,cuda:3,26,2.6249,200,51,53.0,52.76923076923077,54,0,0.011854301761055036,0.013743537791035149,0.009818551808846599,0.009981948796638296,0,0.0
2,YZt,182,208,cuda:2,26,2.481,200,47,48.0,47.92307692307692,51,0,0.041955097396887145,0.04897488196093545,0.009740764235366777,0.009965663530201646,0,0.0
2,YZt,208,234,cuda:1,26,2.3355,200,45,47.0,46.38461538461539,48,0,0.05252749255790415,0.056002800562677785,0.009715017857870881,0.009992263498803068,0,0.0
2,YZt,234,260,cuda:0,26,2.1798,200,15,43.0,40.96153846153846,45,0,0.05470298133161769,0.20775013536005227,0.009735599586326329,0.009997609161839035,0,0.0
2,XZt,0,26,cuda:3,26,2.2177,200,15,43.5,41.26923076923077,46,0,0.05304122153039854,0.2115820266336489,0.009752648863911912,0.009978414235172034,0,0.0
2,XZt,26,52,cuda:2,26,2.2766,200,46,47.0,46.88461538461539,47,0,0.05518036532652065,0.05775596914404599,0.009712500603223385,0.009920429421100064,0,0.0
2,XZt,52,78,cuda:1,26,2.4305,200,47,48.0,48.5,50,0,0.04056021053015267,0.05158089212092795,0.00978467698026307,0.009995709417115953,0,0.0
2,XZt,78,104,cuda:0,26,2.5071,200,50,51.0,50.88461538461539,52,0,0.014640682669104952,0.019269295441176434,0.009722469418287317,0.00998145120430315,0,0.0
2,XZt,104,130,cuda:3,26,2.593,200,51,53.0,52.53846153846154,54,0,0.009356005674490596,0.011627351181903969,0.00972910683946501,0.009999715597410572,0,0.0
2,XZt,130,156,cuda:2,26,2.6174,200,51,53.0,52.65384615384615,54,0,0.009407500696769006,0.013139606004923155,0.00972336411104717,0.009980167972519499,0,0.0
2,XZt,156,182,cuda:1,26,2.5762,200,50,52.0,51.84615384615385,53,0,0.017966591405899377,0.02054646489393277,0.009772851671557132,0.00999605667923156,0,0.0
2,XZt,182,208,cuda:0,26,2.4312,200,47,48.0,48.42307692307692,50,0,0.025750828519282704,0.028934719073636747,0.00966970350486119,0.009987543046496567,0,0.0
2,XZt,208,234,cuda:3,26,2.383,200,46,48.0,47.69230769230769,49,0,0.042907248749263646,0.055155922912532525,0.009777340757397335,0.009982918750842444,0,0.0
2,XZt,234,260,cuda:2,26,2.2313,200,15,44.0,41.26923076923077,46,0,0.05194054979858803,0.19823208835381426,0.009677916734451212,0.009971867432574015,0,0.0
3,XYt,0,73,cuda:3,73,3.0021,200,44,55.0,53.657534246575345,63,0,0.003776483466066206,0.0419663903112579,0.009751758307662579,0.009998939326513703,0,0.0
3,XYt,73,146,cuda:0,73,2.2609,200,45,46.0,45.73972602739726,47,0,0.02111517935755724,0.026218384249728322,0.00964099626497188,0.00999607515859771,0,0.0
3,XYt,146,219,cuda:2,73,2.2176,200,43,44.0,44.52054794520548,46,0,0.022228053042774688,0.027003489043659294,0.009626194060641467,0.0099979094146323,0,0.0
3,XYt,219,292,cuda:3,73,2.2751,200,41,42.0,42.95890410958904,47,0,0.026463451951140728,0.03355737823714,0.00963862071792275,0.009988452786926312,0,0.0
3,XYt,292,365,cuda:0,73,2.4634,200,42,42.0,43.52054794520548,51,0,0.02564971778333798,0.035586683093624366,0.009663725640627292,0.00999383639436049,0,0.0
3,XYt,365,438,cuda:2,73,2.4675,200,50,50.0,50.178082191780824,51,0,0.021998102489777675,0.028110545386453963,0.009787785582553575,0.009996346371467619,0,0.0
3,XYt,438,511,cuda:3,73,2.4693,200,47,47.0,47.917808219178085,51,0,0.020221104234590094,0.03655355483278253,0.009814987615637372,0.0099954701788811,0,0.0
3,XYt,511,584,cuda:0,73,2.3512,200,47,48.0,47.75342465753425,49,0,0.02419785431119795,0.04014167210065657,0.009763677076642496,0.009999617932015894,0,0.0
3,XYt,584,657,cuda:2,73,2.3725,200,48,48.0,48.013698630136986,49,0,0.021991026855644972,0.02939387716386158,0.009744031012891842,0.009998966284087361,0,0.0
3,XYt,657,728,cuda:3,71,2.3523,200,44,46.0,46.57746478873239,49,0,0.01948771211343026,0.03944904358201475,0.009689965757728805,0.009997193571194706,0,0.0
3,YZt,0,26,cuda:0,26,2.2609,200,10,42.0,40.15384615384615,46,0,0.03975173207395556,0.23460385775351736,0.009747319726257968,0.009993669706523857,0,0.0
3,YZt,26,52,cuda:2,26,2.1601,200,42,43.0,43.0,44,0,0.03877520756098603,0.04123765194517065,0.00972785800621951,0.009995929388409711,0,0.0
3,YZt,52,78,cuda:3,26,2.289,200,44,45.5,45.38461538461539,47,0,0.025841937445387587,0.03022521983378649,0.009690135812166363,0.009987172019363642,0,0.0
3,YZt,78,104,cuda:0,26,2.5534,200,46,48.0,48.5,52,0,0.010227778704810515,0.010947030445352807,0.00969820024814811,0.00998120743091535,0,0.0
3,YZt,104,130,cuda:2,26,2.6974,200,52,54.0,53.88461538461539,55,0,0.010145911613716849,0.011456829307718935,0.00968630094096514,0.009983810354713908,0,0.0
3,YZt,130,156,cuda:3,26,2.627,200,50,54.0,52.96153846153846,54,0,0.010435173948145287,0.011971392060396213,0.00975387830346518,0.009994008105053891,0,0.0
3,YZt,156,182,cuda:0,26,2.427,200,45,46.0,46.30769230769231,50,0,0.011795750286696412,0.013073474062422848,0.009765504829011729,0.009995998058659694,0,0.0
3,YZt,182,208,cuda:2,26,2.2928,200,42,43.0,43.84615384615385,47,0,0.03750245573333285,0.04175284011141119,0.009689351677121327,0.009978149693827184,0,0.0
3,YZt,208,234,cuda:3,26,2.0835,200,41,42.0,41.96153846153846,43,0,0.04237119915451733,0.04363713102903975,0.009760443905350078,0.00992745931260602,0,0.0
3,YZt,234,260,cuda:1,26,2.136,200,10,42.0,39.84615384615385,44,0,0.04003988479726243,0.23909061391746977,0.009653624333697115,0.009975000945489127,0,0.0
3,XZt,0,26,cuda:0,26,2.0799,200,10,42.0,39.42307692307692,43,0,0.03991793913685637,0.24278296370258437,0.009677677286308885,0.0099724600777407,0,0.0
3,XZt,26,52,cuda:2,26,2.0902,200,41,42.0,42.0,43,0,0.04333595110713659,0.04473215079490931,0.009790872858357641,0.009955414883272855,0,0.0
3,XZt,52,78,cuda:3,26,2.3683,200,42,45.0,45.57692307692308,49,0,0.03446128960627596,0.042853942702038766,0.009768292115317717,0.009998599364621578,0,0.0
3,XZt,78,104,cuda:1,26,2.5205,200,48,50.0,50.11538461538461,52,0,0.012668364680998887,0.01765573402149877,0.009668535884132686,0.009939397201300304,0,0.0
3,XZt,104,130,cuda:0,26,2.6058,200,51,53.0,52.69230769230769,54,0,0.00787863428672667,0.009895026522223967,0.009758311692090824,0.009997232367828809,0,0.0
3,XZt,130,156,cuda:2,26,2.6171,200,52,53.0,52.88461538461539,54,0,0.008159589779786904,0.011558454160772986,0.009785001369273696,0.009965396970355393,0,0.0
3,XZt,156,182,cuda:3,26,2.56,200,48,52.0,51.38461538461539,53,0,0.016350618950247756,0.017947095779902025,0.009787998908945956,0.009980349144655981,0,0.0
3,XZt,182,208,cuda:1,26,2.3268,200,44,46.0,45.92307692307692,48,0,0.022313959286807683,0.024343631733846672,0.009747858017289248,0.009954004953217195,0,0.0
3,XZt,208,234,cuda:0,26,2.1655,200,42,43.5,43.5,45,0,0.03708948232312618,0.0420064206763927,0.009689713202456759,0.009990820785388347,0,0.0
3,XZt,234,260,cuda:2,26,2.1339,200,10,42.0,39.69230769230769,44,0,0.039340166076485106,0.23192862318577065,0.00977047271530827,0.009992194244382423,0,0.0
4,XYt,0,73,cuda:3,73,3.0524,200,44,56.0,54.342465753424655,64,0,0.0038888004080393267,0.03830360817838675,0.009778917144524396,0.009996102905497227,0,0.0
4,XYt,73,146,cuda:0,73,2.2502,200,45,46.0,45.75342465753425,47,0,0.020000822210699768,0.025004166973074816,0.009576061835870875,0.009998095791222461,0,0.0
4,XYt,146,219,cuda:2,73,2.2219,200,43,44.0,44.16438356164384,46,0,0.021139171162099034,0.02576470067660238,0.009709252894235717,0.009996706674590853,0,0.0
4,XYt,219,292,cuda:3,73,2.266,200,40,41.0,41.87671232876713,47,0,0.025519087416192392,0.03304247757629194,0.009594665131271548,0.009985512454154353,0,0.0
4,XYt,292,365,cuda:0,73,2.3697,200,40,41.0,42.082191780821915,49,0,0.02562168169165529,0.03588941221629864,0.009752455715046465,0.009988862651497614,0,0.0
4,XYt,365,438,cuda:2,73,2.4751,200,50,50.0,50.013698630136986,51,0,0.02192286843152018,0.029170837196836497,0.009600144237806725,0.009932443520308669,0,0.0
4,XYt,438,511,cuda:3,73,2.3901,200,46,47.0,47.52054794520548,50,0,0.019753164264337233,0.03754508531566926,0.009656745495313852,0.00999901551077346,0,0.0
4,XYt,511,584,cuda:0,73,2.3601,200,46,48.0,47.49315068493151,49,0,0.02395830953276902,0.03888263155635673,0.009604149524463607,0.00999388760075241,0,0.0
4,XYt,584,657,cuda:2,73,2.3868,200,47,48.0,47.89041095890411,49,0,0.021666368360991638,0.02953891807495158,0.009702794691643826,0.009998529484304339,0,0.0
4,XYt,657,728,cuda:3,71,2.324,200,44,46.0,46.028169014084504,48,0,0.019774908522054283,0.03898340068562345,0.009760322028823173,0.009999775758818923,0,0.0
4,YZt,0,26,cuda:0,26,2.2262,200,9,40.0,37.73076923076923,44,0,0.04104211361814636,0.2050028998518253,0.009671482356867721,0.009993377647095108,0,0.0
4,YZt,26,52,cuda:2,26,2.1238,200,40,41.0,41.19230769230769,43,0,0.04265316936822132,0.04557226997608988,0.009738745464647924,0.009930962558150035,0,0.0
4,YZt,52,78,cuda:3,26,2.3172,200,42,45.0,44.23076923076923,47,0,0.025395407884334722,0.03161467807567643,0.00971283996471487,0.009997513708699534,0,0.0
4,YZt,78,104,cuda:0,26,2.59,200,46,48.5,48.5,52,0,0.009760670236138774,0.01026128124168294,0.009707950660079512,0.009999760802213176,0,0.0
4,YZt,104,130,cuda:2,26,2.7245,200,52,55.0,54.11538461538461,55,0,0.009976089305865795,0.01137714299864165,0.009705830615011773,0.009991415657622007,0,0.0
4,YZt,130,156,cuda:3,26,2.699,200,50,54.0,53.03846153846154,55,0,0.010250925586815745,0.011441366684913514,0.00979858602579987,0.00999897666524541,0,0.0
4,YZt,156,182,cuda:0,26,2.3901,200,44,45.0,45.76923076923077,49,0,0.01110952778882425,0.012623700804843539,0.0097536677824623,0.009980472160898639,0,0.0
4,YZt,208,234,cuda:1,26,1.994,200,39,40.0,40.0,41,0,0.04633136315855657,0.04821686928146761,0.009767073823555248,0.00998273762534057,0,0.0
4,YZt,182,208,cuda:2,26,2.2395,200,40,42.0,42.42307692307692,46,0,0.04186045606022269,0.04759548451061315,0.00977860103675606,0.009965832646407364,0,0.0
4,XZt,0,26,cuda:3,26,1.9299,200,9,39.0,36.69230769230769,40,0,0.04095316683401544,0.21277718176025262,0.009796078930145915,0.00997308290481713,0,0.0
4,YZt,234,260,cuda:0,26,2.0343,200,9,39.0,37.26923076923077,42,0,0.04113808295155903,0.21478242073685463,0.00971534492216438,0.009965801287327679,0,0.0
4,XZt,26,52,cuda:1,26,2.0425,200,39,40.0,40.19230769230769,42,0,0.04575044915656862,0.04766288828191287,0.009779671493471264,0.009984359811362408,0,0.0
4,XZt,52,78,cuda:2,26,2.3242,200,41,45.0,44.88461538461539,48,0,0.03543280749080664,0.0450012792467043,0.009740042120414598,0.009989058303382073,0,0.0
4,XZt,78,104,cuda:3,26,2.5062,200,48,50.0,49.96153846153846,52,0,0.01219375718203038,0.01755921073442829,0.009691840994638464,0.009994555325955059,0,0.0
4,XZt,104,130,cuda:0,26,2.6051,200,52,54.0,53.19230769230769,54,0,0.00761805818005613,0.009556355286043651,0.009670460267435886,0.00998963596248542,0,0.0
4,XZt,130,156,cuda:1,26,2.6231,200,52,54.0,53.34615384615385,54,0,0.008047258727331414,0.011308164538207937,0.009686858849947017,0.009960509709414051,0,0.0
4,XZt,156,182,cuda:2,26,2.5655,200,48,52.0,51.34615384615385,53,0,0.01598171406320805,0.017598281004139377,0.00974422168250813,0.00998050738799795,0,0.0
4,XZt,208,234,cuda:0,26,2.1254,200,40,42.0,41.96153846153846,44,0,0.03965713773306419,0.04632310591709637,0.009671865331482812,0.009975433964314013,0,0.0
4,XZt,182,208,cuda:3,26,2.3105,200,43,45.5,45.34615384615385,48,0,0.021766191676904308,0.023942681644686443,0.009688161810447179,0.009978112780523796,0,0.0
4,XZt,234,260,cuda:1,26,1.9939,200,9,40.0,37.23076923076923,41,0,0.041020403740356384,0.19672177458991721,0.009613059528301986,0.009986957443164664,0,0.0
5,XYt,0,73,cuda:3,73,3.0594,200,45,57.0,54.68493150684932,64,0,0.003942809880096026,0.0355798350603194,0.009763589053380319,0.009975825958815172,0,0.0
5,XYt,73,146,cuda:0,73,2.2739,200,45,46.0,45.821917808219176,47,0,0.019348370185599005,0.02522414846456408,0.009660852264211945,0.009995223564886779,0,0.0
5,XYt,146,219,cuda:3,73,2.2132,200,43,44.0,44.23287671232877,46,0,0.020594221357050402,0.024789363333715637,0.009652542277365927,0.00999639678342351,0,0.0
5,XYt,219,292,cuda:2,73,2.2707,200,40,41.0,41.58904109589041,47,0,0.025486206228500237,0.03212925487376758,0.009741381034200039,0.009999431583796486,0,0.0
5,XYt,292,365,cuda:0,73,2.2777,200,40,40.0,41.58904109589041,47,0,0.025569025319984683,0.035365932255199434,0.009779542710801347,0.009986412991249497,1,0.0108
5,XYt,365,438,cuda:3,73,2.3612,200,47,48.0,48.0,49,0,0.022275709781765053,0.030042840171596235,0.009601190370765188,0.009996706674590853,0,0.0
5,XYt,438,511,cuda:2,73,2.3635,200,43,44.0,44.63013698630137,49,0,0.020871012328688782,0.038735578339688735,0.009706076652410354,0.009984452595563976,0,0.0
5,XYt,511,584,cuda:0,73,2.2147,200,43,45.0,44.57534246575342,46,0,0.02463173181084617,0.040574730541448764,0.009744863668692387,0.009983811696252214,0,0.0
5,XYt,584,657,cuda:3,73,2.2174,200,44,45.0,45.397260273972606,46,0,0.022132085880231002,0.030882817985800906,0.009719875473055388,0.009996677366253677,0,0.0
5,XYt,657,728,cuda:2,71,2.2682,200,41,42.0,43.098591549295776,47,0,0.01993938009580723,0.038455206214817815,0.009668069055344479,0.0099987580447104,0,0.0
5,YZt,0,26,cuda:0,26,1.877,200,8,36.0,34.23076923076923,38,0,0.04344507634864035,0.31234781799201,0.009622521615105413,0.009988881758732278,0,0.0
5,YZt,26,52,cuda:3,26,2.0471,200,37,38.5,38.73076923076923,41,0,0.04605640701863012,0.05037574381182008,0.009630561382373379,0.009931280054216726,0,0.0
5,YZt,52,78,cuda:2,26,2.2211,200,40,43.0,42.61538461538461,45,0,0.027264398229116492,0.03431015676225073,0.009700179072946253,0.00997954502841151,0,0.0
5,YZt,78,104,cuda:0,26,2.5129,200,45,47.5,47.65384615384615,51,0,0.00974492913629749,0.010124038272519901,0.009685121535119483,0.00998930914785042,0,0.0
5,YZt,104,130,cuda:3,26,2.7056,200,51,54.0,53.23076923076923,55,0,0.010170773776713604,0.011399320953228625,0.009765544115342207,0.009971170092024145,0,0.0
5,YZt,130,156,cuda:2,26,2.6361,200,49,53.0,52.26923076923077,54,0,0.01026580540132422,0.011608148003124652,0.00970920133872515,0.009993249763702286,1,0.0788
5,YZt,156,182,cuda:0,26,2.3545,200,43,44.0,44.53846153846154,48,0,0.011105703712378321,0.01237382354597306,0.009665607114163699,0.00998429162001395,0,0.0
5,YZt,208,234,cuda:3,26,1.8445,200,36,37.0,37.23076923076923,38,0,0.050065003828495554,0.0527337024933989,0.009633066360066164,0.009989335963812877,0,0.0
5,YZt,182,208,cuda:1,26,2.198,200,38,39.0,40.46153846153846,45,0,0.04932376562937512,0.05220829942905595,0.009620291784832253,0.009961119277514406,0,0.0
5,YZt,234,260,cuda:2,26,1.8696,200,8,35.0,33.80769230769231,38,0,0.04426771465305515,0.32645923526951126,0.009708875064419677,0.009987319537826198,0,0.0
5,XZt,0,26,cuda:0,26,1.7979,200,7,35.0,33.38461538461539,37,0,0.043529634851867144,0.3546326663238161,0.00957552799008133,0.009988134202819675,0,0.0
5,XZt,26,52,cuda:3,26,1.8893,200,36,37.0,37.5,39,0,0.04991301625083113,0.05090403067557962,0.009724710621573297,0.009984386081675655,0,0.0
5,XZt,52,78,cuda:1,26,2.3439,200,39,43.0,43.34615384615385,48,0,0.03938250389212259,0.04914734343625817,0.009817934595787689,0.009976774301381289,0,0.0
5,XZt,78,104,cuda:2,26,2.4734,200,47,49.0,49.07692307692308,51,0,0.012176205390431037,0.01786462421748538,0.009635307096599434,0.009980360328013424,0,0.0
5,XZt,104,130,cuda:0,26,2.5557,200,51,53.0,52.23076923076923,53,0,0.007687985299270532,0.009606602511683864,0.009748261358067039,0.009951203000422697,0,0.0
5,XZt,130,156,cuda:3,26,2.5658,200,51,53.0,52.34615384615385,53,0,0.008195406661964595,0.011532152861261665,0.009814671615130804,0.009996683618706152,1,0.0437
5,XZt,156,182,cuda:1,26,2.5309,200,47,51.0,50.65384615384615,52,0,0.015493003437724969,0.017460629819332094,0.009704739364528384,0.009998748388906393,0,0.0
5,XZt,182,208,cuda:2,26,2.2759,200,41,44.0,44.03846153846154,47,0,0.02300916441329949,0.02494409007951922,0.009669181947034788,0.009979807855173913,0,0.0
5,XZt,208,234,cuda:0,26,2.0276,200,37,41.0,40.07692307692308,42,0,0.04160877950968282,0.05053594226386152,0.00959821902857445,0.009929522178602676,0,0.0
5,XZt,234,260,cuda:3,26,1.7808,200,7,36.0,33.84615384615385,37,0,0.04382372725767551,0.3297821105277213,0.009718684835010694,0.009994002521012712,0,0.0
6,XYt,0,73,cuda:3,73,3.0705,200,45,58.0,54.945205479452056,64,0,0.003864111966863266,0.033532904686501566,0.00973186700829668,0.009991867680980945,0,0.0
6,XYt,73,146,cuda:0,73,2.2531,200,45,46.0,45.945205479452056,47,0,0.019041388563983127,0.024481557058050857,0.009713694590233093,0.009995770719247303,0,0.0
6,XYt,146,219,cuda:2,73,2.2175,200,43,44.0,44.32876712328767,46,0,0.019879460622460144,0.024058009353702888,0.00957309848870916,0.009999729661148836,0,0.0
6,XYt,219,292,cuda:3,73,2.2084,200,40,41.0,41.64383561643836,46,0,0.024733034633471436,0.03089276263911611,0.009702059087110903,0.009988170408610504,0,0.0
6,XYt,292,365,cuda:0,73,2.2183,200,40,40.0,41.56164383561644,46,0,0.02461967978710886,0.03383326276889207,0.009794582604050793,0.009992993210162041,0,0.0
6,XYt,365,438,cuda:2,73,2.2699,200,45,46.0,45.945205479452056,47,0,0.02161475293287369,0.028632679299264278,0.009559940643968572,0.00999972419191964,0,0.0
6,XYt,438,511,cuda:3,73,2.2052,200,39,40.0,41.0958904109589,46,0,0.020887132450637762,0.03900920239608624,0.009781524205488619,0.009984486634853065,0,0.0
6,XYt,511,584,cuda:0,73,2.0731,200,39,42.0,41.15068493150685,43,0,0.02406761681338912,0.0400433013955467,0.009714793236588668,0.00999405646272,0,0.0
6,XYt,584,657,cuda:2,73,2.1309,200,41,43.0,42.602739726027394,44,0,0.021299794658139748,0.03036896696936342,0.009674784230424626,0.00999908895966406,0,0.0
6,XYt,657,728,cuda:3,71,2.2178,200,37,39.0,39.54929577464789,46,0,0.020334721965242268,0.039654530840008174,0.009698361296020195,0.009997979355101697,0,0.0
6,YZt,0,26,cuda:0,26,1.675,200,6,32.5,31.346153846153847,34,0,0.04282161579877476,0.4945898568150907,0.009659336767840813,0.009933875274226088,0,0.0
6,YZt,26,52,cuda:2,26,1.9182,200,35,37.0,36.96153846153846,39,0,0.045425319879965446,0.05057677878856913,0.009691151672762263,0.009966469886329288,0,0.0
6,YZt,52,78,cuda:3,26,2.2278,200,39,42.0,41.34615384615385,45,0,0.026506793173629632,0.034740263969781464,0.009778157119177691,0.009953740323807907,0,0.0
6,YZt,78,104,cuda:0,26,2.4454,200,44,47.0,46.84615384615385,50,0,0.009628714014957181,0.010044266303916204,0.009692159714715152,0.00998254811088067,0,0.0
6,YZt,104,130,cuda:2,26,2.6498,200,50,53.0,52.76923076923077,54,0,0.01010419039720874,0.011277402263053463,0.009716719657445805,0.009984426325425734,0,0.0
6,YZt,130,156,cuda:3,26,2.5864,200,48,53.0,51.73076923076923,53,0,0.010090179751934703,0.011833309577160495,0.009733274879318996,0.00999353121669247,0,0.0
6,YZt,156,182,cuda:0,26,2.3453,200,42,43.0,43.5,48,0,0.011018939583703587,0.012498977470100456,0.009655865732435097,0.009998700946959338,0,0.0
6,YZt,182,208,cuda:2,26,2.1979,200,36,37.5,39.03846153846154,45,0,0.04848342833361159,0.05162458323432324,0.009569271601432778,0.0099680236178122,0,0.0
6,YZt,208,234,cuda:1,26,1.7528,200,34,35.0,35.26923076923077,36,0,0.04913106018717443,0.05059940056903899,0.009680931169838314,0.009979562923219184,0,0.0
6,YZt,234,260,cuda:3,26,1.6396,200,6,32.0,31.192307692307693,34,0,0.04303175463269596,0.4968137757340752,0.009563096500170514,0.009973127111190534,0,0.0
6,XZt,0,26,cuda:0,26,1.6497,200,6,32.0,31.03846153846154,34,0,0.042931912777600376,0.4582314339057416,0.009586193030853929,0.00999889741097014,0,0.0
6,XZt,26,52,cuda:2,26,1.8534,200,34,35.0,35.57692307692308,38,0,0.0490978625015987,0.050773113663528,0.009742044742524597,0.009978724069605649,0,0.0
6,XZt,52,78,cuda:1,26,2.2856,200,38,42.0,42.38461538461539,47,0,0.03875602861164647,0.047600430461020186,0.009652052570037812,0.00999817851251313,0,0.0
6,XZt,78,104,cuda:3,26,2.4058,200,47,48.0,48.30769230769231,50,0,0.012131043090574039,0.01693814840740059,0.00963141818087463,0.00996851740174968,0,0.0
6,XZt,104,130,cuda:0,26,2.5795,200,50,52.0,51.53846153846154,53,0,0.007785283719800894,0.009628512759401615,0.0099380312685994,0.009997850302553195,0,0.0
6,XZt,130,156,cuda:2,26,2.5727,200,50,53.0,52.11538461538461,53,0,0.007891256168472662,0.011714199429819364,0.009621925117228671,0.009906809844306133,0,0.0
6,XZt,156,182,cuda:1,26,2.4773,200,46,51.0,50.0,51,0,0.01572858573019291,0.01729833344362886,0.0098041304361996,0.009983187078878875,0,0.0
6,XZt,182,208,cuda:3,26,2.2129,200,41,43.5,43.15384615384615,46,0,0.02215248816620525,0.024033648928803643,0.009662894277710093,0.009948749732853252,0,0.0
6,XZt,208,234,cuda:0,26,1.9803,200,35,40.0,38.76923076923077,41,0,0.041879076239849836,0.05043181417001967,0.009674975908282073,0.00999294484735066,0,0.0
6,XZt,234,260,cuda:2,26,1.6989,200,6,33.0,31.615384615384617,35,0,0.04397962023983875,0.4306849730807529,0.009631127231809738,0.009995603896173252,0,0.0
7,XYt,0,73,cuda:3,73,3.0588,200,45,58.0,55.0,64,0,0.003888581610198367,0.03242460640372665,0.009745485808963991,0.009995825823847788,0,0.0
7,XYt,73,146,cuda:2,73,2.2565,200,45,46.0,46.12328767123287,47,0,0.01891055524333292,0.024152523065193006,0.009726142799157636,0.009991238596067802,0,0.0
7,XYt,146,219,cuda:0,73,2.2141,200,44,44.0,44.465753424657535,46,0,0.0196687381164004,0.02365148858666265,0.009577093467676523,0.009995973940381741,0,0.0
7,XYt,219,292,cuda:3,73,2.2068,200,40,41.0,41.794520547945204,46,0,0.024425552954020494,0.030495364503471244,0.009699325950507596,0.0099934509698918,0,0.0
7,XYt,292,365,cuda:2,73,2.2306,200,40,41.0,41.80821917808219,46,0,0.02381619249538271,0.03332272314369644,0.009755248450049268,0.009988446138221172,0,0.0
7,XYt,365,438,cuda:0,73,2.2262,200,44,45.0,45.06849315068493,46,0,0.02051997743532157,0.026470188636013824,0.009672186364079228,0.009989357751729367,0,0.0
7,XYt,438,511,cuda:3,73,2.213,200,37,39.0,39.602739726027394,46,0,0.019970232946281426,0.03591030494074915,0.009662029695829553,0.009992377488300227,0,0.0
7,XYt,511,584,cuda:2,73,2.0326,200,36,40.0,39.45205479452055,42,0,0.02257700220050235,0.03851080531164125,0.009693584943376207,0.009984959651583584,0,0.0
7,XYt,584,657,cuda:0,73,2.0805,200,40,41.0,41.26027397260274,43,0,0.01986893108087365,0.028026772552633573,0.009731323481631636,0.009980135316451241,0,0.0
7,XYt,657,728,cuda:3,71,2.2187,200,34,37.0,37.54929577464789,46,0,0.019610660811841964,0.03904141414368496,0.009663873187899817,0.009998336864383834,0,0.0
7,YZt,0,26,cuda:2,26,1.6731,200,5,31.5,30.46153846153846,34,0,0.04193280738290711,0.327111648472272,0.009765644091877908,0.009988220247231356,0,0.0
7,YZt,26,52,cuda:0,26,1.916,200,34,36.5,36.42307692307692,39,0,0.044560542809655095,0.04825604380887686,0.009649730582229111,0.009999997426487408,0,0.0
7,YZt,52,78,cuda:3,26,2.1929,200,39,42.0,41.26923076923077,45,0,0.02588540937398558,0.03414992051788587,0.009574736246821007,0.009923045475660353,0,0.0
7,YZt,78,104,cuda:2,26,2.4483,200,43,47.0,46.73076923076923,50,0,0.009426953217046296,0.010308808502367465,0.009649700183474805,0.00999292474264888,0,0.0
7,YZt,104,130,cuda:0,26,2.65,200,50,53.0,52.73076923076923,54,0,0.010035852778547237,0.01111624224796859,0.009728522727779815,0.009992411500593058,0,0.0
7,YZt,130,156,cuda:3,26,2.5914,200,48,53.0,51.69230769230769,53,0,0.009970420307901717,0.011601045122192157,0.009759264209387525,0.009981310867598337,0,0.0
7,YZt,156,182,cuda:2,26,2.348,200,41,43.0,43.23076923076923,48,0,0.010607065293095776,0.012139083073124207,0.009700920925210677,0.009997251347422305,0,0.0
7,YZt,208,234,cuda:1,26,1.7552,200,33,35.0,34.61538461538461,36,0,0.048306628463472806,0.05061902079057342,0.009778390362033797,0.00997801993736918,0,0.0
7,YZt,182,208,cuda:0,26,2.1762,200,36,37.0,38.5,45,0,0.04811804213449212,0.05169667086710975,0.009736648584367139,0.009980997199542808,0,0.0
7,YZt,234,260,cuda:3,26,1.5874,200,5,31.0,30.26923076923077,33,0,0.04130439554330288,0.3254925201602964,0.009683027798447947,0.009972371099268651,0,0.0
7,XZt,0,26,cuda:2,26,1.6499,200,5,31.5,30.384615384615383,34,0,0.04148145280379087,0.32820051996297916,0.009573120448669929,0.009957843531100474,0,0.0
7,XZt,26,52,cuda:1,26,1.8027,200,34,35.0,35.11538461538461,37,0,0.04781108292766228,0.050545542480527325,0.009652393740014465,0.00998741229453157,0,0.0
7,XZt,52,78,cuda:0,26,2.2662,200,37,42.0,42.15384615384615,47,0,0.03750017625606489,0.04722482195061133,0.009669676549675753,0.009978928756391194,0,0.0
7,XZt,78,104,cuda:3,26,2.4047,200,47,48.0,48.26923076923077,50,0,0.011860627980771341,0.01658229464196122,0.009615005351676902,0.009979087022256965,0,0.0
7,XZt,104,130,cuda:2,26,2.5677,200,50,52.0,51.46153846153846,53,0,0.007543126520591501,0.009364090810594382,0.009971264258994594,0.009998630620835424,0,0.0
7,XZt,130,156,cuda:1,26,2.5796,200,50,53.0,52.11538461538461,53,0,0.007772872641243404,0.011464293957628945,0.009627210412648309,0.009843591901515642,0,0.0
7,XZt,182,208,cuda:3,26,2.2193,200,40,43.0,42.96153846153846,46,0,0.022055725558658056,0.023686457735295156,0.00970710632491701,0.009999872418134525,0,0.0
7,XZt,156,182,cuda:0,26,2.4605,200,46,50.5,49.96153846153846,51,0,0.01546516053969076,0.016927577045975556,0.009785479683760834,0.009954924373599147,0,0.0
7,XZt,208,234,cuda:2,26,1.9812,200,34,40.0,38.57692307692308,41,0,0.04003244307051463,0.049739105389097885,0.009727166336949929,0.009995328084850303,0,0.0
7,XZt,234,260,cuda:1,26,1.6622,200,5,32.0,31.153846153846153,34,0,0.04161682877256499,0.3181726566890242,0.009532865832848444,0.009981258310714992,0,0.0
8,XYt,0,73,cuda:3,73,3.0733,200,45,58.0,55.013698630136986,64,0,0.0038542970948642484,0.03160947858000771,0.009738473207448944,0.009998676388686558,0,0.0
8,XYt,73,146,cuda:0,73,2.2605,200,45,46.0,46.19178082191781,47,0,0.01889832218207923,0.024018790452049372,0.009701013764371767,0.009998790863211541,0,0.0
8,XYt,146,219,cuda:2,73,2.2153,200,44,44.0,44.47945205479452,46,0,0.01960667495849944,0.023523174665257336,0.009596951016577156,0.00998724617001472,0,0.0
8,XYt,219,292,cuda:3,73,2.2039,200,40,41.0,41.821917808219176,46,0,0.024293265132180365,0.03011741855743303,0.009734266351865752,0.009987597414224308,0,0.0
8,XYt,292,365,cuda:0,73,2.2205,200,40,41.0,41.87671232876713,46,0,0.023890781600731662,0.03334165129956474,0.009745469774919531,0.009987828962671334,0,0.0
8,XYt,365,438,cuda:2,73,2.2199,200,44,45.0,45.04109589041096,46,0,0.02044008711107407,0.026297768609985017,0.009650030316895816,0.009999122949127635,0,0.0
8,XYt,438,511,cuda:3,73,2.2072,200,37,38.0,39.31506849315068,46,0,0.019375939653096086,0.036678520410933384,0.009747491459891235,0.009994691623969765,0,0.0
8,XYt,511,584,cuda:2,73,2.0688,200,36,40.0,39.178082191780824,42,0,0.022279711181957176,0.03769653172343764,0.009728357635584137,0.009990650137097391,0,0.0
8,XYt,584,657,cuda:0,73,2.071,200,39,41.0,40.95890410958904,43,0,0.019834729017060748,0.027205952747066713,0.009692801082527526,0.009997805089112318,0,0.0
8,XYt,657,728,cuda:3,71,2.1513,200,34,36.0,36.901408450704224,45,0,0.018934381426944008,0.03675736860870051,0.009655198836498872,0.009990663822583384,0,0.0
8,YZt,0,26,cuda:2,26,1.6645,200,5,31.0,30.307692307692307,34,0,0.040917431405900706,0.3844842937611879,0.009655044710363327,0.009992108234191775,0,0.0
8,YZt,26,52,cuda:0,26,1.9018,200,34,36.5,36.42307692307692,39,0,0.044179494468098504,0.047945798241355995,0.00958037515011346,0.009932342608817769,0,0.0
8,YZt,52,78,cuda:3,26,2.1885,200,39,42.0,41.26923076923077,45,0,0.026057456186842118,0.03393192427639176,0.009558464145802362,0.009957241608988213,0,0.0
8,YZt,78,104,cuda:2,26,2.4894,200,44,47.0,46.76923076923077,50,0,0.00938499778290328,0.009628765771138113,0.009678134954551207,0.009994825016662944,0,0.0
8,YZt,104,130,cuda:0,26,2.709,200,50,54.0,52.92307692307692,55,0,0.010006126025312725,0.011120205883846391,0.00965031571224529,0.009977172563835972,0,0.0
8,YZt,130,156,cuda:3,26,2.6151,200,48,53.0,51.73076923076923,53,0,0.009998016342537545,0.011483314995494799,0.009824013649997593,0.009995909848008458,0,0.0
8,YZt,182,208,cuda:1,26,2.1887,200,36,37.0,38.57692307692308,45,0,0.04843342376053773,0.05137090433949727,0.00966506466337503,0.00990364686679296,0,0.0
8,YZt,156,182,cuda:2,26,2.3426,200,41,43.0,43.38461538461539,48,0,0.010565247264289828,0.012151394068869096,0.00971690958837376,0.00998963596248542,0,0.0
8,YZt,208,234,cuda:0,26,1.7338,200,33,35.0,34.53846153846154,36,0,0.0485208115282309,0.05146405770932687,0.00976903842884454,0.009993798701374361,0,0.0
8,YZt,234,260,cuda:3,26,1.5848,200,5,31.0,30.03846153846154,33,0,0.040438091383367264,0.37525109417331254,0.009607165958755817,0.009998854992930928,0,0.0
8,XZt,0,26,cuda:1,26,1.6585,200,5,31.0,30.115384615384617,34,0,0.040497412312944694,0.3888857369217894,0.009661438606178503,0.009986783655416163,0,0.0
8,XZt,26,52,cuda:2,26,1.8028,200,33,35.0,35.0,37,0,0.04809600118736847,0.050637220908877366,0.009692969362174036,0.00997462833284891,0,0.0
8,XZt,52,78,cuda:0,26,2.2801,200,37,42.0,42.19230769230769,47,0,0.037487854340675975,0.0472696825383089,0.009629687546154633,0.009972089608685083,0,0.0
8,XZt,78,104,cuda:3,26,2.4143,200,47,48.0,48.30769230769231,50,0,0.011899886960781082,0.016570355902924407,0.009642544395679645,0.00996380866345702,0,0.0
8,XZt,104,130,cuda:1,26,2.5817,200,50,53.0,52.07692307692308,53,0,0.007243572087584697,0.009323552122924851,0.009588371487678788,0.009987801751537117,0,0.0
8,XZt,130,156,cuda:2,26,2.5721,200,50,53.0,52.11538461538461,53,0,0.007777423894462061,0.01145089468255852,0.00971164451912232,0.009886737608727828,0,0.0
8,XZt,156,182,cuda:0,26,2.4753,200,46,50.5,49.96153846153846,51,0,0.01554381065727569,0.01693576493917647,0.009818361005846887,0.009998355451167886,0,0.0
8,XZt,182,208,cuda:3,26,2.2154,200,41,43.5,43.15384615384615,46,0,0.021468637540078824,0.02314438854130424,0.009647229944502986,0.009915970807991137,0,0.0
8,XZt,234,260,cuda:2,26,1.6491,200,5,32.0,30.96153846153846,34,0,0.04034190403572965,0.3765681458034977,0.009558145986274545,0.009938011953222603,0,0.0
8,XZt,208,234,cuda:1,26,1.9911,200,34,40.0,38.65384615384615,41,0,0.03920196018818253,0.04873113339127515,0.009724051713475606,0.009996628909614409,0,0.0
9,XYt,0,73,cuda:3,73,2.9988,200,46,58.0,55.013698630136986,63,0,0.0038195294324758497,0.03167580356502965,0.009697985477716687,0.009989424623576298,0,0.0
9,XYt,73,146,cuda:0,73,2.2615,200,45,46.0,46.28767123287671,47,0,0.018789798781431798,0.02395998695066204,0.009651702871206065,0.009999537064347197,0,0.0
9,XYt,219,292,cuda:3,73,2.2101,200,40,41.0,41.84931506849315,46,0,0.02403145663054451,0.029731449798968815,0.009720164037969336,0.009995440476091558,0,0.0
9,XYt,146,219,cuda:2,73,2.2249,200,44,44.0,44.47945205479452,46,0,0.019455636805904727,0.023301771704451118,0.009604027092002624,0.009992624954408376,0,0.0
9,XYt,292,365,cuda:0,73,2.2192,200,40,41.0,41.89041095890411,46,0,0.023707132151873558,0.032623233730543336,0.009737534897115445,0.009999778493419794,0,0.0
9,XYt,365,438,cuda:3,73,2.2081,200,44,45.0,45.02739726027397,46,0,0.02018419193534391,0.026028657194260365,0.009647791020396677,0.009991977541965428,0,0.0
9,XYt,438,511,cuda:2,73,2.2195,200,37,38.0,39.3013698630137,46,0,0.019095679501648703,0.036044453158765935,0.009722863593901749,0.009976763785247108,0,0.0
9,XYt,511,584,cuda:0,73,2.0272,200,36,40.0,39.10958904109589,42,0,0.021993305155708756,0.03666944903202775,0.009740854882157157,0.009997683179260218,0,0.0
9,XYt,584,657,cuda:3,73,2.0644,200,39,41.0,40.89041095890411,43,0,0.019499637412824317,0.027334044499126787,0.009693746946814541,0.009990831566017188,0,0.0
9,XYt,657,728,cuda:2,71,2.1876,200,33,36.0,36.690140845070424,45,0,0.01864948926380514,0.036212659624725536,0.009622247480399566,0.009995498318284512,0,0.0
9,YZt,0,26,cuda:0,26,1.6189,200,5,31.0,30.076923076923077,33,0,0.03930818924185921,0.6039368864824168,0.009680599800528131,0.009989979525317317,0,0.0
9,YZt,26,52,cuda:3,26,1.9003,200,34,36.5,36.34615384615385,39,0,0.042830915508788925,0.0478175667124617,0.009666362194955352,0.00998604432518206,0,0.0
9,YZt,52,78,cuda:2,26,2.1967,200,39,42.0,41.26923076923077,45,0,0.02599709257358849,0.03340612341300294,0.009590646776703033,0.009998751737741209,0,0.0
9,YZt,78,104,cuda:0,26,2.4481,200,44,47.0,46.80769230769231,50,0,0.009337059879112002,0.009631064259253613,0.009666856859291181,0.009988838739468237,0,0.0
9,YZt,104,130,cuda:3,26,2.6876,200,50,54.0,53.0,55,0,0.009880018834311447,0.011107628294169334,0.009645984707292787,0.00995054515331454,0,0.0
9,YZt,130,156,cuda:2,26,2.6518,200,48,53.0,51.84615384615385,54,0,0.009993088009049043,0.011502184884559678,0.009849760898329531,0.009968026976969238,0,0.0
9,YZt,156,182,cuda:0,26,2.322,200,41,43.0,43.5,48,0,0.010367479909762545,0.012037356998825301,0.00969256292359421,0.009988832593843963,0,0.0
9,YZt,182,208,cuda:1,26,2.1918,200,36,37.0,38.57692307692308,45,0,0.04752046506064263,0.05008720680334375,0.009674643829667465,0.009957987000647513,0,0.0
9,YZt,208,234,cuda:3,26,1.7529,200,33,35.0,34.53846153846154,36,0,0.04743916767310316,0.05037067250515377,0.009741300112942303,0.009972671048680886,0,0.0
9,YZt,234,260,cuda:2,26,1.6115,200,5,31.0,29.923076923076923,33,0,0.039055177973519636,0.5912107849085542,0.009577906191583652,0.009993231334956186,0,0.0
9,XZt,0,26,cuda:0,26,1.6496,200,5,31.0,30.03846153846154,34,0,0.038958332140732146,0.5656193181071067,0.009617089926713552,0.009975653263835262,0,0.0
9,XZt,26,52,cuda:1,26,1.8099,200,33,35.0,34.96153846153846,37,0,0.046778189699325665,0.04927054359119523,0.00968706934578564,0.009993681433397251,0,0.0
9,XZt,52,78,cuda:3,26,2.2978,200,37,42.0,42.19230769230769,47,0,0.03680005772946188,0.046205773041074254,0.009630914012749766,0.009968405434747208,0,0.0
9,XZt,78,104,cuda:2,26,2.4254,200,47,48.0,48.30769230769231,50,0,0.011872454845880353,0.016462188622748602,0.009651915946114774,0.009986927826816793,0,0.0
9,XZt,104,130,cuda:0,26,2.5748,200,50,53.0,52.11538461538461,53,0,0.007228221553020649,0.00930623232445529,0.009625254502950523,0.009763783846651278,0,0.0
9,XZt,130,156,cuda:1,26,2.5764,200,50,53.0,52.11538461538461,53,0,0.007767740948869948,0.011445511121087429,0.009758754852217662,0.009912781478660896,0,0.0
9,XZt,156,182,cuda:3,26,2.4653,200,46,51.0,50.03846153846154,51,0,0.015511616007180122,0.016786670453873286,0.009804402911317357,0.009998205862856794,0,0.0
9,XZt,182,208,cuda:2,26,2.2275,200,41,43.5,43.15384615384615,46,0,0.021292819581747877,0.022977919486861387,0.009678748104654245,0.009967266658890962,0,0.0
9,XZt,208,234,cuda:0,26,1.9868,200,34,40.0,38.84615384615385,41,0,0.03892458549871958,0.04790282924588631,0.009668933530359242,0.009995421883887023,0,0.0
9,XZt,234,260,cuda:1,26,1.6535,200,5,32.0,30.846153846153847,34,0,0.03972041627153275,0.5577394386594776,0.009635813074535711,0.009989060538104477,0,0.0
10,XYt,0,73,cuda:3,73,3.0108,200,46,58.0,54.97260273972603,63,0,0.0038017121166757616,0.032087167328268246,0.009730720508852264,0.009980358426843543,0,0.0
10,XYt,73,146,cuda:0,73,2.2667,200,45,46.0,46.32876712328767,47,0,0.018662636870321644,0.023685961760204786,0.009599235136666405,0.009999601133471864,0,0.0
10,XYt,146,219,cuda:2,73,2.2305,200,44,44.0,44.47945205479452,46,0,0.01931042857152219,0.023130999989041882,0.00960173597481552,0.009992467796547489,0,0.0
10,XYt,219,292,cuda:3,73,2.2041,200,40,41.0,41.84931506849315,46,0,0.02379935755602064,0.029402562841016472,0.00971477313070709,0.009995531147488367,0,0.0
10,XYt,292,365,cuda:0,73,2.2198,200,40,41.0,41.89041095890411,46,0,0.02337722708421944,0.03219603185351877,0.00973465160452223,0.009993879392111821,1,0.0251
10,XYt,365,438,cuda:2,73,2.2368,200,44,45.0,45.013698630136986,46,0,0.01980872702169966,0.02552903545042253,0.00962096732536969,0.009988993663820157,0,0.0
10,XYt,438,511,cuda:3,73,2.1694,200,37,38.0,39.178082191780824,45,0,0.018659335380228924,0.035155808497859854,0.009753265221901715,0.009996338164846087,0,0.0
10,XYt,511,584,cuda:0,73,2.0618,200,36,40.0,39.04109589041096,42,0,0.021467682285768896,0.03564546287496037,0.009725086407601943,0.009988584977909781,0,0.0
10,XYt,584,657,cuda:2,73,2.0777,200,39,41.0,40.75342465753425,42,0,0.019062309034376564,0.026667220870073515,0.0097433009272846,0.009982037074755128,0,0.0
10,XYt,657,728,cuda:3,71,2.1863,200,33,35.0,36.478873239436616,45,0,0.018145581892463566,0.03515762040397738,0.009743230762414653,0.009994061153289484,0,0.0
10,YZt,0,26,cuda:0,26,1.6141,200,4,31.0,30.03846153846154,33,0,0.03790732100208259,1.5928712247163153,0.009652788119980162,0.009971326242339746,0,0.0
10,YZt,26,52,cuda:2,26,1.9096,200,34,36.5,36.34615384615385,39,0,0.04141906842501326,0.04609601750405772,0.009647343320828687,0.009963505646677515,0,0.0
10,YZt,52,78,cuda:3,26,2.2285,200,39,42.0,41.30769230769231,45,0,0.025624534134032054,0.032756420885703984,0.009605501909710688,0.009980905501493378,0,0.0
10,YZt,78,104,cuda:0,26,2.4534,200,44,47.0,46.80769230769231,50,0,0.009313276287299386,0.00961779538758994,0.009670598000533865,0.009996359825846167,0,0.0
10,YZt,104,130,cuda:2,26,2.6973,200,50,54.0,53.0,55,0,0.009860619860189403,0.011084463607545739,0.009652914034813498,0.009965176885108638,0,0.0
10,YZt,130,156,cuda:3,26,2.634,200,48,53.0,51.84615384615385,54,0,0.0099649940462718,0.011501580818887578,0.009866565976373514,0.009988194545731478,1,0.0672
10,YZt,156,182,cuda:0,26,2.3281,200,42,43.0,43.57692307692308,48,0,0.01031858958995177,0.01204290868889926,0.009687479511992541,0.009962582536916282,0,0.0
10,YZt,208,234,cuda:1,26,1.7531,200,33,35.0,34.53846153846154,36,0,0.04566239162174048,0.04847722522179313,0.009732964219720266,0.009980216061740549,0,0.0
10,YZt,182,208,cuda:2,26,2.1796,200,36,37.0,38.69230769230769,45,0,0.0457705171292694,0.04815943171477575,0.00964461131979407,0.009951218142171472,0,0.0
10,YZt,234,260,cuda:3,26,1.5965,200,4,31.0,29.884615384615383,33,0,0.03784375236222919,1.6303515624864853,0.009571727987229219,0.009979886701852899,0,0.0
10,XZt,0,26,cuda:0,26,1.6481,200,4,31.0,29.96153846153846,34,0,0.03782031198447519,1.4798787520819108,0.00959253425143079,0.009995436400325956,0,0.0
10,XZt,26,52,cuda:1,26,1.8047,200,33,35.0,34.96153846153846,37,0,0.045271532270977785,0.04771706947224849,0.009688174172911089,0.00998920858735007,0,0.0
10,XZt,52,78,cuda:2,26,2.2875,200,37,42.0,42.19230769230769,47,0,0.035941068874217344,0.044844182674099925,0.009638554991089511,0.00996600903939201,0,0.0
10,XZt,78,104,cuda:3,26,2.4265,200,47,48.0,48.30769230769231,50,0,0.011787065906882823,0.016282931360565068,0.009648962569315241,0.00999167817213266,0,0.0
10,XZt,104,130,cuda:0,26,2.5658,200,50,53.0,52.11538461538461,53,0,0.007207774066244097,0.009284024571713262,0.009638358621480093,0.009766882411846799,0,0.0
10,XZt,130,156,cuda:1,26,2.5687,200,50,53.0,52.11538461538461,53,0,0.0077483623345874116,0.011422695993148211,0.009776735515517103,0.009920539116881656,1,0.0442
10,XZt,156,182,cuda:2,26,2.4675,200,46,51.0,50.03846153846154,51,0,0.0154114586736114,0.01662299744457961,0.009800586381725391,0.0099937221981358,0,0.0
10,XZt,182,208,cuda:3,26,2.2136,200,41,43.5,43.15384615384615,46,0,0.0210463896621126,0.02271469034266451,0.009687073769840461,0.009999327162536297,0,0.0
10,XZt,208,234,cuda:0,26,1.992,200,34,41.0,39.0,41,0,0.03840701033897703,0.046879009371343726,0.009539120052923792,0.00997657852046969,0,0.0
10,XZt,234,260,cuda:1,26,1.6536,200,5,32.0,30.846153846153847,34,0,0.03844473803662023,1.0071744445323707,0.009604360921613389,0.009991805517112968,0,0.0
