case,geometry,operation,sharpness,noisy,start,partition,iterations,subsets,default_clamp,max_alpha,iteration_of_max,subsets_in_that_iteration,alpha_p99,fraction_above_1,fraction_above_default_clamp,fraction_above_1p5,largest_fraction_above_default_clamp_in_an_iteration,min_alpha,last_iteration_mean,sigma_y,sigma_x,sigma_prox,cost,mean_check,seconds
"parallel recon, sharpness -1, noiseless, direct start, default partitions",parallel,recon,-1.0,False,direct,default,40,4820,1.5,1.1293890476226807,16,128,1.0526369965076448,0.46037344398340246,0.0,0.0,0.0,0.36642149090766907,0.9959521694108844,0.29993686079978943,0.01447125244885683,,77942.46125664194,2.6775524020195007e-07,20.4
"parallel recon, sharpness 1, noiseless, direct start, default partitions",parallel,recon,1.0,False,direct,default,40,4820,1.5,1.300065040588379,34,128,1.0697982251644136,0.33630705394190874,0.0,0.0,0.0,0.1354617327451706,0.9925358407199383,0.29993686079978943,0.05788500979542732,,14897.894407064701,3.366731107234955e-07,19.4
"parallel recon, sharpness 3, noiseless, direct start, default partitions",parallel,recon,3.0,False,direct,default,40,4820,1.5,1.1044080257415771,8,128,1.0465974664688114,0.26556016597510373,0.0,0.0,0.0,0.10721440613269806,0.9838180528022349,0.29993686079978943,0.2315400391817093,,2376.675835914367,3.3155083656311035e-07,19.0
"parallel prox, sharpness -1, noiseless, direct start, default partitions",parallel,prox,-1.0,False,direct,default,40,4820,1.5,1.0097683668136597,4,128,1.002794111967087,0.03112033195020747,0.0,0.0,0.0,0.008253711275756359,0.027515332505572587,0.29993686079978943,0.01447125244885683,0.01447125244885683,448.19843270773356,3.073364496231079e-07,15.9
"parallel prox, sharpness 1, noiseless, direct start, default partitions",parallel,prox,1.0,False,direct,default,40,4820,1.5,1.0562851428985596,4,128,1.0255562853813172,0.11410788381742738,0.0,0.0,0.0,0.026588357985019684,0.05426857917336747,0.29993686079978943,0.05788500979542732,0.05788500979542732,241.5007010914794,2.8265640139579773e-07,15.0
"parallel prox, sharpness 3, noiseless, direct start, default partitions",parallel,prox,3.0,False,direct,default,40,4820,1.5,1.1037945747375488,36,128,1.0501015019416808,0.2757261410788382,0.0,0.0,0.0,0.10536902397871017,0.9838328445330262,0.29993686079978943,0.2315400391817093,0.2315400391817093,51.30711365953463,3.343448042869568e-07,14.8
"parallel recon, sharpness -1, noisy, direct start, default partitions",parallel,recon,-1.0,True,direct,default,40,4820,1.5,1.1433749198913574,26,128,1.0497413110733032,0.3869294605809129,0.0,0.0,0.0,0.3356785178184509,0.9631355293095112,0.3001229465007782,0.014481177553534508,,92619.11298250282,2.859160304069519e-07,20.6
"parallel recon, sharpness 1, noisy, direct start, default partitions",parallel,recon,1.0,True,direct,default,40,4820,1.5,1.307497262954712,36,128,1.0694612455368044,0.3219917012448133,0.0,0.0,0.0,0.1296008974313736,0.9923160970211029,0.3001229465007782,0.05792471021413803,,25059.06876755436,4.1350722312927246e-07,19.0
"parallel recon, sharpness 3, noisy, direct start, default partitions",parallel,recon,3.0,True,direct,default,40,4820,1.5,1.065314531326294,28,128,1.0299608075618745,0.19564315352697095,0.0,0.0,0.0,0.10646628588438034,0.9839981738477945,0.3001229465007782,0.23169884085655212,,9967.120610805448,4.78699803352356e-07,20.1
"parallel prox, sharpness -1, noisy, direct start, default partitions",parallel,prox,-1.0,True,direct,default,40,4820,1.5,1.0099202394485474,4,128,1.002840472459793,0.03049792531120332,0.0,0.0,0.0,0.008901368826627731,0.030216727616789285,0.3001229465007782,0.014481177553534508,0.014481177553534508,8796.656152965392,4.996545612812042e-07,16.9
"parallel prox, sharpness 1, noisy, direct start, default partitions",parallel,prox,1.0,True,direct,default,40,4820,1.5,1.0567594766616821,4,128,1.0244737684726717,0.11120331950207468,0.0,0.0,0.0,0.027513734996318817,0.054533522634301335,0.3001229465007782,0.05792471021413803,0.05792471021413803,8291.5029389481,3.627501428127289e-07,17.1
"parallel prox, sharpness 3, noisy, direct start, default partitions",parallel,prox,3.0,True,direct,default,40,4820,1.5,1.0652844905853271,37,128,1.0358327102661133,0.22136929460580912,0.0,0.0,0.0,0.1061163917183876,0.9841992454603314,0.3001229465007782,0.23169884085655212,0.23169884085655212,7383.673229190574,3.403984010219574e-07,15.6
"parallel recon, sharpness 1, noisy, converged start, default partitions",parallel,recon,1.0,True,converged,default,10,980,1.5,1.2349755764007568,10,128,1.0887243735790257,0.30612244897959184,0.0,0.0,0.0,0.13123966753482819,0.9872891018167138,0.3001229465007782,0.05792471021413803,,25058.801041199127,2.2910535335540771e-07,4.3
"parallel prox, sharpness 1, noisy, converged start, default partitions",parallel,prox,1.0,True,converged,default,10,980,1.5,1.039596438407898,10,128,1.021077584028244,0.24693877551020407,0.0,0.0,0.0,0.12631507217884064,0.9921477567404509,0.3001229465007782,0.05792471021413803,0.05792471021413803,8291.505320921206,1.7415732145309448e-07,3.1
"parallel recon, sharpness 3, noisy, direct start, one subset partitions",parallel,recon,3.0,True,direct,one subset,40,40,1.5,0.029453592374920845,39,1,0.029450396075844765,0.0,0.0,0.0,0.0,0.024010060355067253,0.024273918941617012,0.3001229465007782,0.23169884085655212,,15768.563667805163,0.0,3.6
"cone recon, sharpness -1, noiseless, direct start, default partitions",cone,recon,-1.0,False,direct,default,40,4820,1.5,1.1467068195343018,28,128,1.0791262805461883,0.8906639004149378,0.0,0.0,0.0,0.6269994378089905,1.016871778294444,0.1490754634141922,0.01438269205391407,,77038.4028036292,4.1583552956581116e-07,52.3
"cone recon, sharpness 1, noiseless, direct start, default partitions",cone,recon,1.0,False,direct,default,40,4820,1.5,1.374899983406067,30,128,1.081175127029419,0.43174273858921164,0.0,0.0,0.0,0.23831529915332794,0.9998324662446976,0.1490754634141922,0.05753076821565628,,14844.815879635218,3.0640512704849243e-07,38.0
"cone recon, sharpness 3, noiseless, direct start, default partitions",cone,recon,3.0,False,direct,default,40,4820,1.5,1.1017073392868042,20,128,1.0415612888336183,0.08879668049792531,0.0,0.0,0.0,0.15753471851348877,0.9531576144509017,0.1490754634141922,0.23012307286262512,,2381.3852039446583,2.766028046607971e-07,38.4
"cone prox, sharpness -1, noiseless, direct start, default partitions",cone,prox,-1.0,False,direct,default,40,4820,1.5,1.662493109703064,10,128,1.502462316751481,0.2504149377593361,0.010788381742738589,0.010788381742738589,0.1171875,0.02913840487599373,0.03501203410269227,0.1490754634141922,0.01438269205391407,0.01438269205391407,524.5575488073688,4.377216100692749e-07,34.1
"cone prox, sharpness 1, noiseless, direct start, default partitions",cone,prox,1.0,False,direct,default,40,4820,1.5,1.1213972568511963,14,128,1.0343068778514861,0.11576763485477179,0.0,0.0,0.0,0.024044586345553398,0.053840292428503744,0.1490754634141922,0.05753076821565628,0.05753076821565628,307.13798758386577,3.282912075519562e-07,32.8
"cone prox, sharpness 3, noiseless, direct start, default partitions",cone,prox,3.0,False,direct,default,40,4820,1.5,1.1153291463851929,40,128,1.050766476392746,0.15207468879668049,0.0,0.0,0.0,0.15926110744476318,0.9943123790435493,0.1490754634141922,0.23012307286262512,0.23012307286262512,72.66087226906426,2.691522240638733e-07,32.8
"cone recon, sharpness -1, noisy, direct start, default partitions",cone,recon,-1.0,True,direct,default,40,4820,1.5,1.1687391996383667,28,128,1.0765738022327425,0.8348547717842324,0.0,0.0,0.0,0.5888664722442627,0.9938279194757342,0.1492244154214859,0.014399695210158825,,92329.49165150989,3.236345946788788e-07,35.9
"cone recon, sharpness 1, noisy, direct start, default partitions",cone,recon,1.0,True,direct,default,40,4820,1.5,1.3178647756576538,30,128,1.0679104363918308,0.3203319502074689,0.0,0.0,0.0,0.23008829355239868,0.987457106821239,0.1492244154214859,0.0575987808406353,,26252.393232698196,2.8870999813079834e-07,35.6
"cone recon, sharpness 3, noisy, direct start, default partitions",cone,recon,3.0,True,direct,default,40,4820,1.5,1.0772804021835327,8,128,1.0230221521854401,0.06058091286307054,0.0,0.0,0.0,0.15759217739105225,0.9411675869487226,0.1492244154214859,0.2303951233625412,,10760.77790360536,3.227032721042633e-07,37.6
"cone prox, sharpness -1, noisy, direct start, default partitions",cone,prox,-1.0,True,direct,default,40,4820,1.5,1.6715370416641235,8,128,1.5041419243812562,0.2504149377593361,0.01058091286307054,0.01058091286307054,0.125,0.040037862956523895,0.04648951505078003,0.1492244154214859,0.014399695210158825,0.014399695210158825,10143.478854658135,5.066394805908203e-07,32.1
"cone prox, sharpness 1, noisy, direct start, default partitions",cone,prox,1.0,True,direct,default,40,4820,1.5,1.1068480014801025,14,128,1.0303069937229157,0.10435684647302905,0.0,0.0,0.0,0.02358829975128174,0.05396765978366602,0.1492244154214859,0.0575987808406353,0.0575987808406353,9598.884518311279,2.444721758365631e-07,34.2
"cone prox, sharpness 3, noisy, direct start, default partitions",cone,prox,3.0,True,direct,default,40,4820,1.5,1.1030917167663574,40,128,1.053127501010895,0.22572614107883818,0.0,0.0,0.0,0.15973247587680817,1.0014361422508955,0.1492244154214859,0.2303951233625412,0.2303951233625412,8245.880679686417,3.059394657611847e-07,33.6
"cone recon, sharpness 1, noisy, converged start, default partitions",cone,recon,1.0,True,converged,default,10,980,1.5,1.2619848251342773,10,128,1.0908337688446048,0.28061224489795916,0.0,0.0,0.0,0.2547479569911957,0.9880759143270552,0.1492244154214859,0.0575987808406353,,26252.27891398209,2.4121254682540894e-07,8.0
"cone prox, sharpness 1, noisy, converged start, default partitions",cone,prox,1.0,True,converged,default,10,980,1.5,1.037199854850769,5,128,1.0201141381263734,0.09285714285714286,0.0,0.0,0.0,0.3468930125236511,0.9786625136621296,0.1492244154214859,0.0575987808406353,0.0575987808406353,9598.885032591801,1.932494342327118e-07,7.1
"cone recon, sharpness 3, noisy, direct start, one subset partitions",cone,recon,3.0,True,direct,one subset,40,40,1.5,0.06727675348520279,2,1,0.06325697444379329,0.0,0.0,0.0,0.0,0.035887472331523895,0.04734688252210617,0.1492244154214859,0.2303951233625412,,14266.628191030397,0.0,7.9
"translation recon, sharpness -1, noisy, direct start, default partitions",translation,recon,-1.0,True,direct,default,40,4820,1.3,2.0915544033050537,33,128,1.5090226233005553,0.16576763485477178,0.02966804979253112,0.01037344398340249,0.0859375,0.34721267223358154,0.7401159685105085,0.14106756448745728,0.023102467879652977,,63240.490631588946,3.166496753692627e-07,25.9
"translation recon, sharpness 1, noisy, direct start, default partitions",translation,recon,1.0,True,direct,default,40,4820,1.3,2.1530702114105225,30,128,1.6318895065784507,0.1983402489626556,0.04045643153526971,0.015975103734439833,0.0859375,0.3430023193359375,0.8443113570101559,0.14106756448745728,0.09240987151861191,,28555.424668176223,4.367902874946594e-07,26.6
"translation recon, sharpness 3, noisy, direct start, default partitions",translation,recon,3.0,True,direct,default,40,4820,1.3,2.3047640323638916,38,128,1.6380837821960479,0.20186721991701245,0.04107883817427386,0.017219917012448134,0.0859375,0.3425304591655731,0.8566469205543399,0.14106756448745728,0.36963948607444763,,22380.77692709417,2.798624336719513e-07,26.0
"translation prox, sharpness -1, noisy, direct start, default partitions",translation,prox,-1.0,True,direct,default,40,4820,1.3,1.8923048973083496,19,128,1.3507007455825821,0.12946058091286308,0.016804979253112032,0.0033195020746887966,0.0546875,0.36090949177742004,0.7776655587367713,0.14106756448745728,0.023102467879652977,0.023102467879652977,21208.205910122982,4.3120235204696655e-07,22.3
"translation prox, sharpness 1, noisy, direct start, default partitions",translation,prox,1.0,True,direct,default,40,4820,1.3,2.243104934692383,40,128,1.6055707001686137,0.19647302904564315,0.04004149377593361,0.015767634854771784,0.0859375,0.3436635732650757,0.8485716604627669,0.14106756448745728,0.09240987151861191,0.09240987151861191,21248.16780417531,2.60770320892334e-07,22.9
"translation prox, sharpness 3, noisy, direct start, default partitions",translation,prox,3.0,True,direct,default,40,4820,1.3,2.3095834255218506,38,128,1.635258667469026,0.2029045643153527,0.04128630705394191,0.017427385892116183,0.0859375,0.342558354139328,0.8580157281830907,0.14106756448745728,0.36963948607444763,0.36963948607444763,21288.544599046152,2.905726432800293e-07,22.3
"multiaxis recon, sharpness -1, noisy, direct start, default partitions",multiaxis,recon,-1.0,True,direct,default,40,4820,1.5,1.0007996559143066,13,128,0.989410285949707,0.0004149377593360996,0.0,0.0,0.0,0.2682167589664459,0.9612504858523607,0.16866225004196167,0.008145159110426903,,149264.55828465906,3.189779818058014e-07,34.8
"multiaxis recon, sharpness 1, noisy, direct start, default partitions",multiaxis,recon,1.0,True,direct,default,40,4820,1.5,0.9905994534492493,21,128,0.9177352333068849,0.0,0.0,0.0,0.0,0.11152856051921844,0.8309394707903266,0.16866225004196167,0.03258063644170761,,44879.58380273753,4.1956081986427307e-07,35.0
"multiaxis recon, sharpness 3, noisy, direct start, default partitions",multiaxis,recon,3.0,True,direct,default,40,4820,1.5,0.8519558310508728,6,128,0.804881107211113,0.0,0.0,0.0,0.0,0.07878986746072769,0.7374865608289838,0.16866225004196167,0.13032254576683044,,17594.35021313419,2.882443368434906e-07,34.3
"multiaxis prox, sharpness -1, noisy, direct start, default partitions",multiaxis,prox,-1.0,True,direct,default,40,4820,1.5,0.9883813261985779,7,128,0.9767749696969986,0.0,0.0,0.0,0.0,0.017643116414546967,0.03949717618525028,0.16866225004196167,0.008145159110426903,0.008145159110426903,17365.794455558786,2.183951437473297e-07,29.5
"multiaxis prox, sharpness 1, noisy, direct start, default partitions",multiaxis,prox,1.0,True,direct,default,40,4820,1.5,1.160245418548584,16,128,0.9923869967460633,0.00850622406639004,0.0,0.0,0.0,0.01565226912498474,0.0443882225517882,0.16866225004196167,0.03258063644170761,0.03258063644170761,16316.965453255432,2.9010698199272156e-07,30.1
"multiaxis prox, sharpness 3, noisy, direct start, default partitions",multiaxis,prox,3.0,True,direct,default,40,4820,1.5,1.0362577438354492,39,128,0.9524865770339971,0.0012448132780082987,0.0,0.0,0.0,0.08114941418170929,0.875298104248941,0.16866225004196167,0.13032254576683044,0.13032254576683044,13069.831386189255,2.812594175338745e-07,31.0
