case,max_alpha,iterations,cost,excess_cost,reference_cost,reference_iterations,alpha_run_cost
"cone prox, sharpness -1, noiseless, direct start, default partitions",1.5,5,526.5969562177481,2.0394532566161843,524.557502961132,160,524.5575488073688
"cone prox, sharpness -1, noiseless, direct start, default partitions",1.5,10,524.5577350442309,0.00023208309892197576,524.557502961132,160,524.5575488073688
"cone prox, sharpness -1, noiseless, direct start, default partitions",1.5,20,524.5576228933417,0.00011993220971362462,524.557502961132,160,524.5575488073688
"cone prox, sharpness -1, noiseless, direct start, default partitions",1.5,40,524.5575525724853,4.961135334724531e-05,524.557502961132,160,524.5575488073688
"cone prox, sharpness -1, noiseless, direct start, default partitions",none,5,526.5985625282623,2.0410595671303327,524.557502961132,160,524.5575488073688
"cone prox, sharpness -1, noiseless, direct start, default partitions",none,10,524.5578299788763,0.00032701774432553066,524.557502961132,160,524.5575488073688
"cone prox, sharpness -1, noiseless, direct start, default partitions",none,20,524.5575971350712,9.417393926014483e-05,524.557502961132,160,524.5575488073688
"cone prox, sharpness -1, noiseless, direct start, default partitions",none,40,524.5575488073688,4.584623684422695e-05,524.557502961132,160,524.5575488073688
"cone prox, sharpness -1, noisy, direct start, default partitions",1.5,5,10145.557164782971,2.078284478022397,10143.478880304949,160,10143.478854658135
"cone prox, sharpness -1, noisy, direct start, default partitions",1.5,10,10143.479606709421,0.0007264044725161511,10143.478880304949,160,10143.478854658135
"cone prox, sharpness -1, noisy, direct start, default partitions",1.5,20,10143.478712401558,-0.00016790339032013435,10143.478880304949,160,10143.478854658135
"cone prox, sharpness -1, noisy, direct start, default partitions",1.5,40,10143.478894326718,1.4021768947714008e-05,10143.478880304949,160,10143.478854658135
"cone prox, sharpness -1, noisy, direct start, default partitions",none,5,10145.558157798925,2.079277493976406,10143.478880304949,160,10143.478854658135
"cone prox, sharpness -1, noisy, direct start, default partitions",none,10,10143.479606410068,0.0007261051196110202,10143.478880304949,160,10143.478854658135
"cone prox, sharpness -1, noisy, direct start, default partitions",none,20,10143.478823595504,-5.670944483426865e-05,10143.478880304949,160,10143.478854658135
"cone prox, sharpness -1, noisy, direct start, default partitions",none,40,10143.478854658135,-2.564681381045375e-05,10143.478880304949,160,10143.478854658135
"translation recon, sharpness -1, noisy, direct start, default partitions",1.3,5,109936.29403706288,46940.99271421161,62995.30132285127,160,63240.490631588946
"translation recon, sharpness -1, noisy, direct start, default partitions",1.3,10,71351.83173926637,8356.530416415102,62995.30132285127,160,63240.490631588946
"translation recon, sharpness -1, noisy, direct start, default partitions",1.3,20,64248.27738626294,1252.9760634116683,62995.30132285127,160,63240.490631588946
"translation recon, sharpness -1, noisy, direct start, default partitions",1.3,40,63239.408370367906,244.10704751663434,62995.30132285127,160,63240.490631588946
"translation recon, sharpness -1, noisy, direct start, default partitions",1.5,5,109931.08280303588,46935.78148018461,62995.30132285127,160,63240.490631588946
"translation recon, sharpness -1, noisy, direct start, default partitions",1.5,10,71325.88543604546,8330.584113194185,62995.30132285127,160,63240.490631588946
"translation recon, sharpness -1, noisy, direct start, default partitions",1.5,20,64242.44489886024,1247.1435760089662,62995.30132285127,160,63240.490631588946
"translation recon, sharpness -1, noisy, direct start, default partitions",1.5,40,63240.06424004781,244.76291719653818,62995.30132285127,160,63240.490631588946
"translation recon, sharpness -1, noisy, direct start, default partitions",none,5,109931.08280303588,46935.78148018461,62995.30132285127,160,63240.490631588946
"translation recon, sharpness -1, noisy, direct start, default partitions",none,10,71316.51085999719,8321.209537145915,62995.30132285127,160,63240.490631588946
"translation recon, sharpness -1, noisy, direct start, default partitions",none,20,64239.59421706147,1244.2928942102008,62995.30132285127,160,63240.490631588946
"translation recon, sharpness -1, noisy, direct start, default partitions",none,40,63240.490631588946,245.18930873767385,62995.30132285127,160,63240.490631588946
"translation recon, sharpness 1, noisy, direct start, default partitions",1.3,5,75235.25008892453,46982.385942583074,28252.864146341453,160,28555.424668176223
"translation recon, sharpness 1, noisy, direct start, default partitions",1.3,10,36818.69149849065,8565.827352149194,28252.864146341453,160,28555.424668176223
"translation recon, sharpness 1, noisy, direct start, default partitions",1.3,20,29797.21329853262,1544.3491521911674,28252.864146341453,160,28555.424668176223
"translation recon, sharpness 1, noisy, direct start, default partitions",1.3,40,28556.11107749094,303.24693114948604,28252.864146341453,160,28555.424668176223
"translation recon, sharpness 1, noisy, direct start, default partitions",1.5,5,75227.81284598215,46974.94869964069,28252.864146341453,160,28555.424668176223
"translation recon, sharpness 1, noisy, direct start, default partitions",1.5,10,36795.24692239378,8542.382776052327,28252.864146341453,160,28555.424668176223
"translation recon, sharpness 1, noisy, direct start, default partitions",1.5,20,29790.155348064105,1537.2912017226517,28252.864146341453,160,28555.424668176223
"translation recon, sharpness 1, noisy, direct start, default partitions",1.5,40,28555.61753675058,302.75339040912513,28252.864146341453,160,28555.424668176223
"translation recon, sharpness 1, noisy, direct start, default partitions",none,5,75227.81284598215,46974.94869964069,28252.864146341453,160,28555.424668176223
"translation recon, sharpness 1, noisy, direct start, default partitions",none,10,36787.55866820693,8534.69452186548,28252.864146341453,160,28555.424668176223
"translation recon, sharpness 1, noisy, direct start, default partitions",none,20,29786.569965874107,1533.7058195326535,28252.864146341453,160,28555.424668176223
"translation recon, sharpness 1, noisy, direct start, default partitions",none,40,28555.424668176223,302.56052183477004,28252.864146341453,160,28555.424668176223
"translation recon, sharpness 3, noisy, direct start, default partitions",1.3,5,69164.26087348929,47101.045226736576,22063.215646752713,160,22380.77692709417
"translation recon, sharpness 3, noisy, direct start, default partitions",1.3,10,30701.910345477863,8638.69469872515,22063.215646752713,160,22380.77692709417
"translation recon, sharpness 3, noisy, direct start, default partitions",1.3,20,23656.97014258842,1593.7544958357066,22063.215646752713,160,22380.77692709417
"translation recon, sharpness 3, noisy, direct start, default partitions",1.3,40,22382.0032270679,318.78758031518737,22063.215646752713,160,22380.77692709417
"translation recon, sharpness 3, noisy, direct start, default partitions",1.5,5,69156.53469604158,47093.31904928887,22063.215646752713,160,22380.77692709417
"translation recon, sharpness 3, noisy, direct start, default partitions",1.5,10,30678.657816062347,8615.442169309634,22063.215646752713,160,22380.77692709417
"translation recon, sharpness 3, noisy, direct start, default partitions",1.5,20,23649.688317761902,1586.472671009189,22063.215646752713,160,22380.77692709417
"translation recon, sharpness 3, noisy, direct start, default partitions",1.5,40,22381.222614235554,318.006967482841,22063.215646752713,160,22380.77692709417
"translation recon, sharpness 3, noisy, direct start, default partitions",none,5,69156.53469604158,47093.31904928887,22063.215646752713,160,22380.77692709417
"translation recon, sharpness 3, noisy, direct start, default partitions",none,10,30671.139207477892,8607.92356072518,22063.215646752713,160,22380.77692709417
"translation recon, sharpness 3, noisy, direct start, default partitions",none,20,23645.98506705767,1582.7694203049577,22063.215646752713,160,22380.77692709417
"translation recon, sharpness 3, noisy, direct start, default partitions",none,40,22380.77692709417,317.56128034145877,22063.215646752713,160,22380.77692709417
"translation prox, sharpness -1, noisy, direct start, default partitions",1.3,5,57393.39858144085,36187.84693940336,21205.55164203749,160,21208.205910122982
"translation prox, sharpness -1, noisy, direct start, default partitions",1.3,10,24310.264623500017,3104.712981462526,21205.55164203749,160,21208.205910122982
"translation prox, sharpness -1, noisy, direct start, default partitions",1.3,20,21345.246952847054,139.69531080956222,21205.55164203749,160,21208.205910122982
"translation prox, sharpness -1, noisy, direct start, default partitions",1.3,40,21208.187754008974,2.6361119714820234,21205.55164203749,160,21208.205910122982
"translation prox, sharpness -1, noisy, direct start, default partitions",1.5,5,57386.6303055918,36181.07866355431,21205.55164203749,160,21208.205910122982
"translation prox, sharpness -1, noisy, direct start, default partitions",1.5,10,24302.6956898719,3097.1440478344084,21205.55164203749,160,21208.205910122982
"translation prox, sharpness -1, noisy, direct start, default partitions",1.5,20,21345.44618938773,139.894547350239,21205.55164203749,160,21208.205910122982
"translation prox, sharpness -1, noisy, direct start, default partitions",1.5,40,21208.200663648808,2.6490216113161296,21205.55164203749,160,21208.205910122982
"translation prox, sharpness -1, noisy, direct start, default partitions",none,5,57386.6303055918,36181.07866355431,21205.55164203749,160,21208.205910122982
"translation prox, sharpness -1, noisy, direct start, default partitions",none,10,24302.552675514467,3097.001033476976,21205.55164203749,160,21208.205910122982
"translation prox, sharpness -1, noisy, direct start, default partitions",none,20,21345.400431783106,139.84878974561434,21205.55164203749,160,21208.205910122982
"translation prox, sharpness -1, noisy, direct start, default partitions",none,40,21208.205910122982,2.654268085490912,21205.55164203749,160,21208.205910122982
"translation prox, sharpness 1, noisy, direct start, default partitions",1.3,5,67709.24403393157,46674.255984580006,21034.98804935156,160,21248.16780417531
"translation prox, sharpness 1, noisy, direct start, default partitions",1.3,10,29195.485608272218,8160.497558920659,21034.98804935156,160,21248.16780417531
"translation prox, sharpness 1, noisy, direct start, default partitions",1.3,20,22371.07906957291,1336.091020221349,21034.98804935156,160,21248.16780417531
"translation prox, sharpness 1, noisy, direct start, default partitions",1.3,40,21248.693448559778,213.7053992082183,21034.98804935156,160,21248.16780417531
"translation prox, sharpness 1, noisy, direct start, default partitions",1.5,5,67702.10731677784,46667.11926742628,21034.98804935156,160,21248.16780417531
"translation prox, sharpness 1, noisy, direct start, default partitions",1.5,10,29172.97697992747,8137.98893057591,21034.98804935156,160,21248.16780417531
"translation prox, sharpness 1, noisy, direct start, default partitions",1.5,20,22364.693543984584,1329.7054946330245,21034.98804935156,160,21248.16780417531
"translation prox, sharpness 1, noisy, direct start, default partitions",1.5,40,21248.32251369341,213.33446434184953,21034.98804935156,160,21248.16780417531
"translation prox, sharpness 1, noisy, direct start, default partitions",none,5,67702.10731677784,46667.11926742628,21034.98804935156,160,21248.16780417531
"translation prox, sharpness 1, noisy, direct start, default partitions",none,10,29165.288952700597,8130.300903349038,21034.98804935156,160,21248.16780417531
"translation prox, sharpness 1, noisy, direct start, default partitions",none,20,22361.408597526886,1326.420548175327,21034.98804935156,160,21248.16780417531
"translation prox, sharpness 1, noisy, direct start, default partitions",none,40,21248.16780417531,213.17975482375186,21034.98804935156,160,21248.16780417531
"translation prox, sharpness 3, noisy, direct start, default partitions",1.3,5,68099.06995689079,47122.0154926956,20977.054464195186,160,21288.544599046152
"translation prox, sharpness 3, noisy, direct start, default partitions",1.3,10,29606.481194205742,8629.426730010557,20977.054464195186,160,21288.544599046152
"translation prox, sharpness 3, noisy, direct start, default partitions",1.3,20,22561.5109135818,1584.4564493866128,20977.054464195186,160,21288.544599046152
"translation prox, sharpness 3, noisy, direct start, default partitions",1.3,40,21289.790538510308,312.7360743151221,20977.054464195186,160,21288.544599046152
"translation prox, sharpness 3, noisy, direct start, default partitions",1.5,5,68091.34323426102,47114.28877006583,20977.054464195186,160,21288.544599046152
"translation prox, sharpness 3, noisy, direct start, default partitions",1.5,10,29583.22414244648,8606.169678251295,20977.054464195186,160,21288.544599046152
"translation prox, sharpness 3, noisy, direct start, default partitions",1.5,20,22554.204571907987,1577.1501077128014,20977.054464195186,160,21288.544599046152
"translation prox, sharpness 3, noisy, direct start, default partitions",1.5,40,21288.99812463779,311.9436604426046,20977.054464195186,160,21288.544599046152
"translation prox, sharpness 3, noisy, direct start, default partitions",none,5,68091.34323426102,47114.28877006583,20977.054464195186,160,21288.544599046152
"translation prox, sharpness 3, noisy, direct start, default partitions",none,10,29575.65772909656,8598.603264901376,20977.054464195186,160,21288.544599046152
"translation prox, sharpness 3, noisy, direct start, default partitions",none,20,22550.48106224597,1573.4265980507844,20977.054464195186,160,21288.544599046152
"translation prox, sharpness 3, noisy, direct start, default partitions",none,40,21288.544599046152,311.49013485096657,20977.054464195186,160,21288.544599046152
