geometry,recon_shape,neighbor,voxels,min_overlap,median_overlap,max_overlap
parallel,"(64, 64, 16)",adjacent rows,12,0.5054916898082868,0.533250340045698,0.5721749485309786
parallel,"(64, 64, 16)",adjacent columns,12,0.45264874883207895,0.5421886552377289,0.566652246137856
parallel,"(64, 64, 16)",adjacent slices,12,0.0,0.0,0.0
cone,"(64, 64, 16)",adjacent rows,12,0.4843618171865974,0.542963824367356,0.5949822930256743
cone,"(64, 64, 16)",adjacent columns,12,0.4721865841334089,0.5431270683716465,0.5691653374609505
cone,"(64, 64, 16)",adjacent slices,12,2.0287160635276526e-07,0.07146818908969652,0.11752099298290625
translation,"(4, 72, 72)",adjacent rows,12,0.0015471329460277565,0.012749843101192614,0.043232804340649224
translation,"(4, 72, 72)",adjacent columns,12,0.22492842254719314,0.3039076724272365,0.31176808915650317
translation,"(4, 72, 72)",adjacent slices,12,0.2249271120526078,0.310642174208994,0.31176744074474133
