geometry,prior,scale,sigma_y_over_c_sigma_y0,sigma_x_over_c_sigma_x0,max_difference_to_c1_over_max,max_difference_to_first_run_over_max,last_mean_alpha
parallel,pinned,1.0,1.0,1.0,0.0,0.0,0.9912104606628418
parallel,pinned,0.0009765625,1.0,1.0,0.0,0.0,0.9912104606628418
parallel,pinned,1024.0,1.0,1.0,0.0,0.0,0.9912104606628418
parallel,automatic,1.0,1.0,1.0,0.0,0.0,0.9912104606628418
parallel,automatic,0.0009765625,1.0,1.0,0.0,0.0,0.9912104606628418
parallel,automatic,1024.0,1.0,1.0,0.0,0.0,0.9912104606628418
cone,pinned,1.0,1.0,1.0,0.0,2.9350169634197096e-07,0.9922714233398438
cone,pinned,0.0009765625,1.0,1.0,0.0,2.9350169634197096e-07,0.9922714233398438
cone,pinned,1024.0,1.0,1.0,0.0,2.9350169634197096e-07,0.9922714233398438
cone,automatic,1.0,1.0,1.0,0.0,2.9350169634197096e-07,0.9922714233398438
cone,automatic,0.0009765625,1.0,1.0,0.0,2.9350169634197096e-07,0.9922714233398438
cone,automatic,1024.0,1.0,1.0,0.0,2.9350169634197096e-07,0.9922714233398438
