nrmse_scale_1_inner_1,change_pct_scale_1_inner_1,nrmse_scale_1_inner_2,change_pct_scale_1_inner_2,nrmse_scale_1_inner_4,change_pct_scale_1_inner_4,nrmse_scale_1_inner_8,change_pct_scale_1_inner_8,nrmse_scale_1_inner_16,change_pct_scale_1_inner_16,nrmse_scale_1_inner_32,change_pct_scale_1_inner_32,nrmse_scale_5_inner_1,change_pct_scale_5_inner_1,nrmse_scale_5_inner_2,change_pct_scale_5_inner_2,nrmse_scale_5_inner_4,change_pct_scale_5_inner_4,nrmse_scale_5_inner_8,change_pct_scale_5_inner_8,nrmse_scale_5_inner_16,change_pct_scale_5_inner_16,nrmse_scale_5_inner_32,change_pct_scale_5_inner_32
2.487433e-02,5.780747e-01,2.676974e-02,9.225459e-01,2.766652e-02,1.076637e+00,2.775852e-02,1.091964e+00,2.775938e-02,1.092108e+00,2.775950e-02,1.092131e+00,3.645629e-02,2.542330e+00,6.510134e-02,5.637017e+00,1.077342e-01,9.989100e+00,1.514781e-01,1.438447e+01,1.844433e-01,1.771227e+01,2.018221e-01,1.948257e+01
2.520078e-02,3.699969e-01,2.599519e-02,2.287604e-01,2.606457e-02,2.667679e-01,2.606427e-02,2.756143e-01,2.606410e-02,2.757180e-01,2.606404e-02,2.757391e-01,5.600343e-02,2.720675e+00,9.790660e-02,3.978098e+00,1.429937e-01,4.749617e+00,1.776385e-01,4.580774e+00,1.958151e-01,3.219190e+00,1.999095e-01,2.162436e+00
2.454733e-02,1.557874e-01,2.401133e-02,3.004972e-01,2.374751e-02,3.644072e-01,2.372393e-02,3.696259e-01,2.372342e-02,3.697032e-01,2.372329e-02,3.697204e-01,7.465484e-02,2.295816e+00,1.171714e-01,2.647356e+00,1.522531e-01,2.402786e+00,1.670096e-01,2.269136e+00,1.602654e-01,4.604886e+00,1.500427e-01,6.637431e+00
2.314113e-02,2.433654e-01,2.224557e-02,3.267017e-01,2.199957e-02,3.319588e-01,2.198054e-02,3.316680e-01,2.198003e-02,3.316874e-01,2.197992e-02,3.316932e-01,8.905172e-02,1.739181e+00,1.261837e-01,1.601826e+00,1.458342e-01,1.624701e+00,1.367409e-01,3.893458e+00,1.132495e-01,6.399313e+00,1.020539e-01,7.162992e+00
2.174512e-02,2.595132e-01,2.094186e-02,2.488940e-01,2.073286e-02,2.322612e-01,2.071656e-02,2.304706e-01,2.071603e-02,2.304609e-01,2.071592e-02,2.304604e-01,9.876734e-02,1.221453e+00,1.269689e-01,9.814327e-01,1.282242e-01,2.367668e+00,1.006219e-01,4.865308e+00,8.040860e-02,5.656976e+00,7.824482e-02,5.040919e+00
2.061876e-02,2.084262e-01,1.988937e-02,1.645392e-01,1.967633e-02,1.509802e-01,1.965950e-02,1.498925e-01,1.965876e-02,1.498928e-01,1.965857e-02,1.498961e-01,1.042943e-01,8.046453e-01,1.212005e-01,1.054600e+00,1.045221e-01,3.099871e+00,7.341982e-02,4.602462e+00,6.941799e-02,3.740294e+00,6.955781e-02,2.733358e+00
1.969716e-02,1.457594e-01,1.894393e-02,1.161441e-01,1.871377e-02,1.131202e-01,1.869590e-02,1.129471e-01,1.869489e-02,1.129644e-01,1.869460e-02,1.129733e-01,1.059450e-01,5.482793e-01,1.101800e-01,1.486478e+00,8.061943e-02,3.393608e+00,6.386564e-02,3.548560e+00,6.605367e-02,1.990112e+00,6.289928e-02,1.669203e+00
1.887159e-02,1.035706e-01,1.805967e-02,9.889561e-02,1.781492e-02,9.940419e-02,1.779627e-02,9.938420e-02,1.779504e-02,9.940472e-02,1.779465e-02,9.941352e-02,1.040806e-01,5.773649e-01,9.551516e-02,1.890943e+00,6.318951e-02,3.225484e+00,6.434840e-02,2.230120e+00,6.092422e-02,1.335020e+00,5.723277e-02,1.505028e+00
1.809895e-02,8.689162e-02,1.723138e-02,9.073694e-02,1.697340e-02,9.089476e-02,1.695399e-02,9.085414e-02,1.695248e-02,9.087622e-02,1.695198e-02,9.088543e-02,9.929470e-02,7.786137e-01,7.937632e-02,2.137034e+00,5.676387e-02,2.705800e+00,6.355632e-02,1.190838e+00,5.521579e-02,1.388485e+00,5.365591e-02,1.233624e+00
1.736562e-02,8.142566e-02,1.645213e-02,8.355394e-02,1.618130e-02,8.387979e-02,1.616110e-02,8.389283e-02,1.615931e-02,8.391784e-02,1.615869e-02,8.392928e-02,9.209358e-02,1.010965e+00,6.416994e-02,2.218680e+00,5.810780e-02,2.007232e+00,5.853901e-02,1.004997e+00,5.105019e-02,1.247178e+00,5.086357e-02,8.479351e-01
1.667110e-02,7.654828e-02,1.571552e-02,7.762262e-02,1.543261e-02,7.843764e-02,1.541166e-02,7.849105e-02,1.540959e-02,7.851821e-02,1.540886e-02,7.852947e-02,8.320387e-02,1.200913e+00,5.266222e-02,2.124596e+00,6.006161e-02,1.281735e+00,5.133391e-02,1.257177e+00,4.778930e-02,9.207273e-01,4.752810e-02,6.297059e-01
1.601091e-02,7.107068e-02,1.501557e-02,7.310183e-02,1.472218e-02,7.403219e-02,1.470060e-02,7.408635e-02,1.469825e-02,7.411361e-02,1.469741e-02,7.412475e-02,7.330402e-02,1.325943e+00,4.693073e-02,1.907323e+00,5.875294e-02,7.894394e-01,4.495630e-02,1.309589e+00,4.420123e-02,6.530527e-01,4.359206e-02,5.928451e-01
1.538398e-02,6.615641e-02,1.435203e-02,6.910838e-02,1.404968e-02,6.991126e-02,1.402754e-02,6.995784e-02,1.402494e-02,6.998310e-02,1.402398e-02,6.999479e-02,6.308342e-02,1.414364e+00,4.655487e-02,1.610854e+00,5.356972e-02,8.000082e-01,4.050576e-02,1.140260e+00,3.993087e-02,6.140564e-01,3.934702e-02,6.031139e-01
1.478318e-02,6.275009e-02,1.371996e-02,6.565888e-02,1.341030e-02,6.631152e-02,1.338771e-02,6.635102e-02,1.338486e-02,6.637632e-02,1.338380e-02,6.638664e-02,5.358297e-02,1.425684e+00,4.870645e-02,1.258272e+00,4.574850e-02,1.037682e+00,3.711720e-02,8.708475e-01,3.542250e-02,6.350000e-01,3.507415e-02,5.862710e-01
1.421011e-02,5.973714e-02,1.312030e-02,6.215404e-02,1.280462e-02,6.270032e-02,1.278166e-02,6.273398e-02,1.277858e-02,6.275737e-02,1.277741e-02,6.276793e-02,4.566054e-02,1.390041e+00,5.052292e-02,9.272744e-01,3.740977e-02,1.195574e+00,3.354792e-02,6.676984e-01,3.111073e-02,6.194392e-01,3.093213e-02,5.674768e-01
1.366117e-02,5.712869e-02,1.254930e-02,5.907587e-02,1.222901e-02,5.949767e-02,1.220575e-02,5.952447e-02,1.220245e-02,5.954672e-02,1.220119e-02,5.955612e-02,4.021761e-02,1.310004e+00,5.044192e-02,6.745246e-01,3.067218e-02,1.202120e+00,2.942559e-02,6.129315e-01,2.720721e-02,5.664602e-01,2.708358e-02,5.383397e-01
1.313694e-02,5.444228e-02,1.200688e-02,5.606128e-02,1.168303e-02,5.638050e-02,1.165952e-02,5.640271e-02,1.165602e-02,5.642333e-02,1.165467e-02,5.643249e-02,3.779188e-02,1.193065e+00,4.806876e-02,5.907679e-01,2.692760e-02,1.077509e+00,2.525659e-02,6.269048e-01,2.382769e-02,5.124065e-01,2.372055e-02,5.031787e-01
1.263397e-02,5.204880e-02,1.148943e-02,5.337037e-02,1.116310e-02,5.358651e-02,1.113940e-02,5.360322e-02,1.113569e-02,5.362289e-02,1.113426e-02,5.363136e-02,3.785322e-02,1.057024e+00,4.350253e-02,6.666919e-01,2.554411e-02,8.733420e-01,2.160809e-02,6.115340e-01,2.089903e-02,4.696136e-01,2.081777e-02,4.651063e-01
1.215156e-02,4.987931e-02,1.099552e-02,5.091901e-02,1.066750e-02,5.105360e-02,1.064364e-02,5.106683e-02,1.063976e-02,5.108521e-02,1.063824e-02,5.109351e-02,3.933892e-02,9.096658e-01,3.742523e-02,7.856097e-01,2.490881e-02,6.556738e-01,1.892788e-02,5.442927e-01,1.851998e-02,4.269528e-01,1.846555e-02,4.225133e-01
1.168967e-02,4.768833e-02,1.052489e-02,4.845884e-02,1.019601e-02,4.851580e-02,1.017204e-02,4.852476e-02,1.016798e-02,4.854243e-02,1.016639e-02,4.855056e-02,4.110463e-02,7.597169e-01,3.066511e-02,8.797265e-01,2.369871e-02,5.032320e-01,1.707671e-02,4.501956e-01,1.664359e-02,3.808902e-01,1.660525e-02,3.773491e-01
1.124750e-02,4.558961e-02,1.007669e-02,4.608408e-02,9.747731e-03,4.606065e-02,9.723697e-03,4.606495e-02,9.719476e-03,4.608112e-02,9.717802e-03,4.608932e-02,4.241913e-02,6.292851e-01,2.433863e-02,9.166884e-01,2.156666e-02,4.641459e-01,1.574486e-02,3.667969e-01,1.524213e-02,3.350340e-01,1.521319e-02,3.332248e-01
1.082436e-02,4.358211e-02,9.650012e-03,4.382876e-02,9.321682e-03,4.373434e-02,9.297612e-03,4.373575e-02,9.293232e-03,4.375166e-02,9.291487e-03,4.375886e-02,4.279791e-02,5.184741e-01,1.970854e-02,8.946769e-01,1.881959e-02,4.922955e-01,1.462295e-02,3.103582e-01,1.416684e-02,2.932709e-01,1.414666e-02,2.922766e-01
1.041805e-02,4.183377e-02,9.242401e-03,4.186213e-02,8.915343e-03,4.170407e-02,8.891261e-03,4.170330e-02,8.886729e-03,4.171858e-02,8.884917e-03,4.172529e-02,4.212296e-02,4.605311e-01,1.778293e-02,8.207815e-01,1.612743e-02,5.155231e-01,1.365125e-02,2.775642e-01,1.333936e-02,2.566490e-01,1.332754e-02,2.553603e-01
1.002724e-02,4.019856e-02,8.852241e-03,4.004216e-02,8.526962e-03,3.983517e-02,8.502897e-03,3.983159e-02,8.498224e-03,3.984577e-02,8.496348e-03,3.985245e-02,4.032123e-02,4.563026e-01,1.824638e-02,7.056179e-01,1.409292e-02,5.003989e-01,1.277452e-02,2.537151e-01,1.261066e-02,2.280551e-01,1.260332e-02,2.267792e-01
9.653478e-03,3.844110e-02,8.480771e-03,3.811936e-02,8.157701e-03,3.786961e-02,8.133675e-03,3.786367e-02,8.128868e-03,3.787721e-02,8.126928e-03,3.788352e-02,3.752376e-02,4.825648e-01,1.970255e-02,5.735417e-01,1.303136e-02,4.452885e-01,1.201156e-02,2.263128e-01,1.194557e-02,2.026532e-01,1.193934e-02,2.016523e-01
9.295415e-03,3.679434e-02,8.126889e-03,3.628865e-02,7.806597e-03,3.598379e-02,7.782637e-03,3.597572e-02,7.777709e-03,3.598790e-02,7.775713e-03,3.599373e-02,3.394414e-02,5.253774e-01,2.088846e-02,4.416935e-01,1.264090e-02,3.652380e-01,1.129839e-02,2.000094e-01,1.127965e-02,1.827387e-01,1.127256e-02,1.821919e-01
8.951169e-03,3.536167e-02,7.788497e-03,3.468593e-02,7.471388e-03,3.433965e-02,7.447507e-03,3.432998e-02,7.442459e-03,3.434184e-02,7.440404e-03,3.434801e-02,2.980819e-02,5.676409e-01,2.118481e-02,3.416080e-01,1.238185e-02,2.866177e-01,1.057620e-02,1.779632e-01,1.057808e-02,1.676966e-01,1.056939e-02,1.673752e-01
8.619247e-03,3.403706e-02,7.463709e-03,3.323890e-02,7.150109e-03,3.286228e-02,7.126325e-03,3.285092e-02,7.121157e-03,3.286290e-02,7.119058e-03,3.286763e-02,2.551395e-02,5.929158e-01,2.047459e-02,3.038449e-01,1.188275e-02,2.293487e-01,9.850303e-03,1.648129e-01,9.860890e-03,1.577132e-01,9.850604e-03,1.576288e-01
8.301479e-03,3.257925e-02,7.154003e-03,3.168053e-02,6.844107e-03,3.128199e-02,6.820427e-03,3.126989e-02,6.815154e-03,3.128026e-02,6.812995e-03,3.128621e-02,2.140162e-02,6.085803e-01,1.886369e-02,3.224403e-01,1.101946e-02,2.102007e-01,9.115028e-03,1.553803e-01,9.129215e-03,1.496531e-01,9.118409e-03,1.496668e-01
7.996645e-03,3.123088e-02,6.858491e-03,3.021196e-02,6.552667e-03,2.977883e-02,6.529112e-03,2.976466e-02,6.523737e-03,2.977496e-02,6.521531e-03,2.977970e-02,1.790497e-02,6.053010e-01,1.658552e-02,3.669058e-01,9.887891e-03,2.162082e-01,8.381706e-03,1.486217e-01,8.392352e-03,1.437915e-01,8.381261e-03,1.438063e-01
7.703534e-03,3.001846e-02,6.575846e-03,2.888567e-02,6.274342e-03,2.842794e-02,6.250921e-03,2.841307e-02,6.245450e-03,2.842272e-02,6.243194e-03,2.842775e-02,1.555849e-02,5.834384e-01,1.403134e-02,3.981335e-01,8.692048e-03,2.230387e-01,7.677007e-03,1.405913e-01,7.678658e-03,1.373561e-01,7.667545e-03,1.374319e-01
7.421816e-03,2.883107e-02,6.305395e-03,2.761906e-02,6.008382e-03,2.714482e-02,5.985099e-03,2.712941e-02,5.979537e-03,2.713843e-02,5.977241e-03,2.714249e-02,1.463318e-02,5.453970e-01,1.161505e-02,4.120993e-01,7.606278e-03,2.192724e-01,6.991164e-03,1.332290e-01,6.985173e-03,1.311123e-01,6.974590e-03,1.311588e-01
7.150426e-03,2.775172e-02,6.046120e-03,2.645827e-02,5.753803e-03,2.596454e-02,5.730675e-03,2.594756e-02,5.725021e-03,2.595671e-02,5.722687e-03,2.596049e-02,1.502545e-02,4.986700e-01,9.814501e-03,4.022394e-01,6.774969e-03,2.023041e-01,6.363750e-03,1.243154e-01,6.353705e-03,1.228732e-01,6.344068e-03,1.229090e-01
6.891263e-03,2.651662e-02,5.799595e-03,2.516914e-02,5.512091e-03,2.466399e-02,5.489117e-03,2.464683e-02,5.483381e-03,2.465501e-02,5.481002e-03,2.465951e-02,1.616208e-02,4.432408e-01,8.946790e-03,3.728300e-01,6.198607e-03,1.780057e-01,5.805529e-03,1.164492e-01,5.796496e-03,1.151424e-01,5.788196e-03,1.151194e-01
6.641745e-03,2.550267e-02,5.563685e-03,2.406518e-02,5.281229e-03,2.353821e-02,5.258427e-03,2.351974e-02,5.252614e-03,2.352734e-02,5.250196e-03,2.353130e-02,1.746289e-02,3.827182e-01,8.928549e-03,3.287605e-01,5.770652e-03,1.517667e-01,5.309366e-03,1.078662e-01,5.304515e-03,1.066378e-01,5.298009e-03,1.065925e-01
6.401442e-03,2.454821e-02,5.337527e-03,2.305693e-02,5.060199e-03,2.252186e-02,5.037569e-03,2.250323e-02,5.031681e-03,2.251071e-02,5.029233e-03,2.251388e-02,1.857097e-02,3.248712e-01,9.313567e-03,2.757150e-01,5.395507e-03,1.312636e-01,4.872027e-03,9.933664e-02,4.871758e-03,9.841481e-02,4.866936e-03,9.839183e-02
6.170469e-03,2.358723e-02,5.121074e-03,2.205941e-02,4.848921e-03,2.152046e-02,4.826473e-03,2.150109e-02,4.820517e-03,2.150778e-02,4.818032e-03,2.151147e-02,1.925545e-02,2.773997e-01,9.671420e-03,2.276224e-01,5.012999e-03,1.180522e-01,4.490854e-03,9.098320e-02,4.495075e-03,9.035986e-02,4.491817e-03,9.031622e-02
5.948076e-03,2.269011e-02,4.913601e-03,2.112537e-02,4.646713e-03,2.057842e-02,4.624449e-03,2.055872e-02,4.618431e-03,2.056480e-02,4.615913e-03,2.056814e-02,1.942607e-02,2.422120e-01,9.738700e-03,1.909021e-01,4.626168e-03,1.107040e-01,4.160970e-03,8.286080e-02,4.170418e-03,8.234086e-02,4.168576e-03,8.226815e-02
5.734531e-03,2.179859e-02,4.715337e-03,2.019684e-02,4.453760e-03,1.964499e-02,4.431681e-03,1.962529e-02,4.425603e-03,1.963122e-02,4.423054e-03,1.963425e-02,1.906052e-02,2.273627e-01,9.438400e-03,1.733976e-01,4.258220e-03,1.048823e-01,3.873338e-03,7.556485e-02,3.887657e-03,7.509253e-02,3.886891e-03,7.501737e-02
5.529012e-03,2.096973e-02,4.525473e-03,1.933472e-02,4.269274e-03,1.877789e-02,4.247383e-03,1.875789e-02,4.241249e-03,1.876344e-02,4.238668e-03,1.876665e-02,1.823296e-02,2.315358e-01,8.797963e-03,1.743838e-01,3.928609e-03,9.789244e-02,3.613712e-03,6.914340e-02,3.631264e-03,6.872268e-02,3.631312e-03,6.866277e-02
5.331483e-03,2.014065e-02,4.343883e-03,1.848088e-02,4.093072e-03,1.792356e-02,4.071374e-03,1.790296e-02,4.065188e-03,1.790807e-02,4.062580e-03,1.791084e-02,1.698571e-02,2.470732e-01,7.916170e-03,1.841237e-01,3.641333e-03,8.931985e-02,3.373203e-03,6.326928e-02,3.391109e-03,6.299352e-02,3.391283e-03,6.296690e-02
5.141374e-03,1.936991e-02,4.169930e-03,1.768857e-02,3.924525e-03,1.712977e-02,3.903032e-03,1.710812e-02,3.896792e-03,1.711349e-02,3.894154e-03,1.711653e-02,1.543092e-02,2.651600e-01,6.937605e-03,1.932134e-01,3.379396e-03,8.101666e-02,3.145134e-03,5.885487e-02,3.162388e-03,5.882810e-02,3.162588e-03,5.882241e-02
4.959021e-03,1.858734e-02,4.003851e-03,1.689252e-02,3.763822e-03,1.633676e-02,3.742537e-03,1.631495e-02,3.736249e-03,1.631950e-02,3.733590e-03,1.632163e-02,1.370681e-02,2.808223e-01,6.032098e-03,1.956838e-01,3.129945e-03,7.348328e-02,2.927690e-03,5.457991e-02,2.943757e-03,5.474359e-02,2.943778e-03,5.475902e-02
4.782747e-03,1.796251e-02,3.844173e-03,1.624036e-02,3.609576e-03,1.568016e-02,3.588494e-03,1.565888e-02,3.582161e-03,1.566340e-02,3.579478e-03,1.566586e-02,1.195488e-02,2.911647e-01,5.332273e-03,1.911255e-01,2.886717e-03,6.826539e-02,2.719910e-03,5.125788e-02,2.734844e-03,5.146881e-02,2.734486e-03,5.149472e-02
4.613498e-03,1.723347e-02,3.691450e-03,1.552160e-02,3.462200e-03,1.497108e-02,3.441322e-03,1.494976e-02,3.434950e-03,1.495339e-02,3.432241e-03,1.495597e-02,1.035680e-02,2.944646e-01,4.928197e-03,1.790029e-01,2.655402e-03,6.451183e-02,2.523220e-03,4.828854e-02,2.537186e-03,4.852056e-02,2.536465e-03,4.856579e-02
4.450414e-03,1.660160e-02,3.545035e-03,1.487581e-02,3.321143e-03,1.432417e-02,3.300468e-03,1.430307e-02,3.294062e-03,1.430638e-02,3.291326e-03,1.430899e-02,9.091338e-03,2.898251e-01,4.790060e-03,1.619440e-01,2.453478e-03,6.112557e-02,2.343372e-03,4.573233e-02,2.356621e-03,4.592833e-02,2.355591e-03,4.598275e-02
4.293575e-03,1.596019e-02,3.404844e-03,1.423834e-02,3.186245e-03,1.369391e-02,3.165779e-03,1.367208e-02,3.159340e-03,1.367528e-02,3.156579e-03,1.367779e-02,8.321578e-03,2.787119e-01,4.788573e-03,1.429818e-01,2.282013e-03,5.691632e-02,2.176704e-03,4.316645e-02,2.189282e-03,4.337693e-02,2.188210e-03,4.343411e-02
4.142731e-03,1.534009e-02,3.270700e-03,1.361602e-02,3.057372e-03,1.307473e-02,3.037111e-03,1.305333e-02,3.030639e-03,1.305647e-02,3.027860e-03,1.305839e-02,8.092246e-03,2.604918e-01,4.798367e-03,1.254741e-01,2.142895e-03,5.191848e-02,2.029622e-03,4.042481e-02,2.041271e-03,4.065336e-02,2.040211e-03,4.070873e-02
3.997529e-03,1.477138e-02,3.142217e-03,1.304447e-02,2.934119e-03,1.250720e-02,2.914069e-03,1.248523e-02,2.907562e-03,1.248864e-02,2.904759e-03,1.249104e-02,8.297568e-03,2.391766e-01,4.735792e-03,1.126829e-01,2.017270e-03,4.674263e-02,1.896049e-03,3.767715e-02,1.906967e-03,3.796780e-02,1.906065e-03,3.802473e-02
3.857658e-03,1.421673e-02,3.019045e-03,1.249704e-02,2.816124e-03,1.196641e-02,2.796276e-03,1.194542e-02,2.789741e-03,1.194808e-02,2.786925e-03,1.194936e-02,8.735840e-03,2.146584e-01,4.566696e-03,1.051040e-01,1.898714e-03,4.198970e-02,1.779867e-03,3.498565e-02,1.790208e-03,3.530197e-02,1.789532e-03,3.535074e-02
3.723062e-03,1.368115e-02,2.901027e-03,1.197127e-02,2.703207e-03,1.144798e-02,2.683561e-03,1.142688e-02,2.677001e-03,1.142926e-02,2.674165e-03,1.143120e-02,9.214942e-03,1.906548e-01,4.307183e-03,1.026269e-01,1.771297e-03,3.872229e-02,1.671673e-03,3.212589e-02,1.682217e-03,3.241487e-02,1.681961e-03,3.245597e-02
3.593319e-03,1.318254e-02,2.787799e-03,1.148290e-02,2.595020e-03,1.096654e-02,2.575573e-03,1.094575e-02,2.568985e-03,1.094843e-02,2.566139e-03,1.094957e-02,9.592049e-03,1.669465e-01,3.988824e-03,1.026374e-01,1.641748e-03,3.669977e-02,1.572370e-03,2.942217e-02,1.583159e-03,2.964713e-02,1.583283e-03,2.967884e-02
3.467961e-03,1.273341e-02,2.678945e-03,1.103729e-02,2.491162e-03,1.052609e-02,2.471918e-03,1.050510e-02,2.465308e-03,1.050713e-02,2.462442e-03,1.050900e-02,9.794671e-03,1.507504e-01,3.664453e-03,1.018561e-01,1.517409e-03,3.528705e-02,1.477344e-03,2.731169e-02,1.488195e-03,2.750750e-02,1.488612e-03,2.753761e-02
3.347921e-03,1.219446e-02,2.575132e-03,1.052675e-02,2.392228e-03,1.002763e-02,2.373180e-03,1.000730e-02,2.366557e-03,1.000851e-02,2.363675e-03,1.001013e-02,9.796435e-03,1.391698e-01,3.375329e-03,9.940668e-02,1.408750e-03,3.354044e-02,1.385915e-03,2.541286e-02,1.396592e-03,2.560193e-02,1.397252e-03,2.562954e-02
3.232315e-03,1.173326e-02,2.475735e-03,1.007045e-02,2.297673e-03,9.575786e-03,2.278825e-03,9.555219e-03,2.272179e-03,9.557316e-03,2.269285e-03,9.558535e-03,9.584786e-03,1.344295e-01,3.146257e-03,9.485597e-02,1.317463e-03,3.100457e-02,1.295427e-03,2.374162e-02,1.305974e-03,2.394604e-02,1.306885e-03,2.397140e-02
3.120366e-03,1.136325e-02,2.379981e-03,9.700981e-03,2.206695e-03,9.212660e-03,2.188039e-03,9.192780e-03,2.181375e-03,9.194424e-03,2.178472e-03,9.195505e-03,9.188462e-03,1.363142e-01,2.979428e-03,8.827932e-02,1.240363e-03,2.784327e-02,1.207110e-03,2.222627e-02,1.217472e-03,2.242253e-02,1.218581e-03,2.244694e-02
3.012889e-03,1.090379e-02,2.288352e-03,9.279051e-03,2.119709e-03,8.805211e-03,2.101249e-03,8.784928e-03,2.094565e-03,8.786694e-03,2.091651e-03,8.787861e-03,8.649410e-03,1.407143e-01,2.850008e-03,8.099713e-02,1.165672e-03,2.483698e-02,1.119078e-03,2.116900e-02,1.129246e-03,2.137275e-02,1.130549e-03,2.140012e-02
2.909207e-03,1.051376e-02,2.200453e-03,8.897793e-03,2.036402e-03,8.429453e-03,2.018136e-03,8.409434e-03,2.011434e-03,8.411239e-03,2.008511e-03,8.412108e-03,8.013195e-03,1.460792e-01,2.728454e-03,7.436456e-02,1.082977e-03,2.234131e-02,1.030739e-03,1.999369e-02,1.040743e-03,2.018485e-02,1.042163e-03,2.021261e-02
2.809303e-03,1.013227e-02,2.116163e-03,8.532678e-03,1.956619e-03,8.072918e-03,1.938547e-03,8.053016e-03,1.931829e-03,8.054496e-03,1.928893e-03,8.055645e-03,7.336001e-03,1.510237e-01,2.593674e-03,6.914927e-02,9.915123e-04,2.125883e-02,9.455280e-04,1.931966e-02,9.552991e-04,1.950354e-02,9.567657e-04,1.953341e-02
2.712976e-03,9.766714e-03,2.035291e-03,8.185745e-03,1.880161e-03,7.735824e-03,1.862276e-03,7.716621e-03,1.855548e-03,7.717399e-03,1.852599e-03,7.718712e-03,6.687247e-03,1.524711e-01,2.439203e-03,6.584954e-02,8.950607e-04,2.068617e-02,8.656880e-04,1.819502e-02,8.752148e-04,1.838710e-02,8.767024e-04,1.842843e-02
