iteration,kind,index,part,worker,start_sec,end_sec
1,prox,0,,0,0.005,31.52
1,prox,2,,2,0.006,31.421
1,prox,3,,3,0.006,31.54
1,prox,1,,1,0.007,31.435
1,prox,6,,2,31.421,32.929
1,prox,5,,1,31.435,33.001
1,prox,4,,0,31.52,33.022
1,prox,7,,3,31.54,33.031
1,prox,10,,2,32.929,34.219
1,prox,9,,1,33.001,34.343
1,prox,8,,0,33.022,34.355
1,prox,11,,3,33.031,34.365
1,prox,14,,2,34.219,35.461
1,prox,13,,1,34.344,35.697
1,prox,12,,0,34.355,35.68
1,prox,15,,3,34.365,35.696
1,prox,18,,2,35.461,36.699
1,prox,16,,0,35.68,36.981
1,prox,19,,3,35.696,36.988
1,prox,17,,1,35.697,36.987
1,prox,22,,2,36.699,37.686
1,prox,20,,0,36.981,38.278
1,prox,21,,1,36.987,38.27
1,prox,23,,3,36.988,38.272
1,prox,26,,2,37.686,38.546
1,prox,25,,1,38.27,39.584
1,prox,27,,3,38.272,39.593
1,prox,24,,0,38.278,39.597
1,prox,30,,2,38.546,39.703
1,prox,29,,1,39.584,40.907
1,prox,31,,3,39.593,40.952
1,prox,28,,0,39.597,40.948
1,prox,34,,2,39.703,40.991
1,prox,33,,1,40.907,42.228
1,prox,32,,0,40.948,42.322
1,prox,35,,3,40.952,42.338
1,prox,38,,2,40.991,42.348
1,prox,37,,1,42.228,43.465
1,prox,36,,0,42.322,43.663
1,prox,39,,3,42.338,43.688
1,prox,42,,2,42.348,43.688
1,prox,41,,1,43.465,44.593
1,prox,40,,0,43.663,44.932
1,prox,43,,3,43.688,44.976
1,prox,46,,2,43.688,44.976
1,prox,45,,1,44.593,45.446
1,prox,44,,0,44.932,46.153
1,prox,50,,2,44.976,46.239
1,prox,47,,3,44.976,46.23
1,prox,49,,1,45.446,46.446
1,prox,48,,0,46.153,47.409
1,prox,51,,3,46.23,47.542
1,prox,54,,2,46.239,47.548
1,prox,53,,1,46.446,47.623
1,prox,52,,0,47.409,48.64
1,prox,55,,3,47.542,48.857
1,prox,58,,2,47.548,48.864
1,prox,57,,1,47.623,48.892
1,prox,56,,0,48.64,49.772
1,prox,59,,3,48.857,50.144
1,prox,62,,2,48.864,50.151
1,prox,61,,1,48.892,50.161
1,prox,60,,0,49.772,50.602
1,prox,63,,3,50.144,51.481
1,prox,66,,2,50.151,51.482
1,prox,65,,1,50.161,51.486
1,prox,64,,0,50.602,51.68
1,prox,67,,3,51.481,52.853
1,prox,70,,2,51.482,52.871
1,prox,69,,1,51.486,52.858
1,prox,68,,0,51.68,52.921
1,prox,71,,3,52.853,54.252
1,prox,73,,1,52.858,54.242
1,prox,74,,2,52.871,54.259
1,prox,72,,0,52.921,54.285
1,prox,77,,1,54.242,55.605
1,prox,75,,3,54.253,55.649
1,prox,78,,2,54.259,55.661
1,prox,76,,0,54.285,55.66
1,prox,81,,1,55.605,56.938
1,prox,79,,3,55.649,57.039
1,prox,80,,0,55.66,57.04
1,prox,82,,2,55.661,57.039
1,prox,85,,1,56.938,58.211
1,prox,86,,2,57.039,58.41
1,prox,83,,3,57.039,58.409
1,prox,84,,0,57.04,58.403
1,prox,89,,1,58.211,59.415
1,prox,88,,0,58.403,59.722
1,prox,87,,3,58.409,59.722
1,prox,90,,2,58.41,59.714
1,prox,93,,1,59.415,60.378
1,prox,94,,2,59.714,61.016
1,prox,92,,0,59.722,60.998
1,prox,91,,3,59.722,61.019
1,prox,97,,1,60.378,61.271
1,prox,96,,0,60.998,64.75
1,prox,98,,2,61.016,85.897
1,prox,95,,3,61.019,64.796
1,denoise,0,0,1,61.271,78.339
1,denoise,0,1,0,64.75,79.318
1,denoise,0,2,3,64.796,81.633
1,denoise,0,3,1,78.366,83.456
1,denoise,0,4,0,79.345,84.983
1,denoise,0,5,3,81.66,88.323
1,denoise,0,6,1,83.483,90.457
1,denoise,0,7,0,85.01,95.968
1,denoise,0,8,2,85.897,98.823
1,denoise,0,9,3,88.332,97.122
1,denoise,1,0,1,90.461,113.952
1,denoise,1,1,0,95.974,115.687
1,denoise,1,2,3,97.126,117.422
1,denoise,1,3,2,98.829,120.137
1,denoise,1,4,1,113.956,120.994
1,denoise,1,5,0,115.691,122.706
1,denoise,1,6,3,117.426,123.99
1,denoise,1,7,2,120.141,126.229
1,denoise,1,8,1,120.998,126.822
1,denoise,1,9,0,122.71,128.636
1,denoise,2,0,3,123.994,129.881
1,denoise,2,1,2,126.233,132.012
1,denoise,2,2,1,126.825,133.214
1,denoise,2,3,0,128.64,135.532
1,denoise,2,4,3,129.884,136.883
1,denoise,2,5,2,132.016,139.03
1,denoise,2,6,1,133.218,140.069
1,denoise,2,7,0,135.535,141.829
1,denoise,2,8,3,136.887,142.828
1,denoise,2,9,2,139.034,144.934
2,prox,0,,0,0.001,2.881
2,prox,2,,2,0.001,2.867
2,prox,3,,3,0.001,2.896
2,prox,1,,1,0.002,2.886
2,prox,6,,2,2.867,5.718
2,prox,4,,0,2.881,5.727
2,prox,5,,1,2.886,5.743
2,prox,7,,3,2.896,5.743
2,prox,10,,2,5.718,8.574
2,prox,8,,0,5.727,8.582
2,prox,9,,1,5.743,8.601
2,prox,11,,3,5.743,8.596
2,prox,14,,2,8.574,11.434
2,prox,12,,0,8.582,11.442
2,prox,15,,3,8.596,11.459
2,prox,13,,1,8.601,11.461
2,prox,18,,2,11.434,14.326
2,prox,16,,0,11.442,14.32
2,prox,19,,3,11.459,14.351
2,prox,17,,1,11.461,14.348
2,prox,20,,0,14.32,17.161
2,prox,22,,2,14.326,17.183
2,prox,21,,1,14.348,17.2
2,prox,23,,3,14.351,17.206
2,prox,24,,0,17.161,19.966
2,prox,26,,2,17.183,20.018
2,prox,25,,1,17.2,20.041
2,prox,27,,3,17.206,20.04
2,prox,28,,0,19.966,22.728
2,prox,30,,2,20.018,22.84
2,prox,31,,3,20.04,22.847
2,prox,29,,1,20.041,22.845
2,prox,32,,0,22.728,25.373
2,prox,34,,2,22.84,25.687
2,prox,33,,1,22.845,25.681
2,prox,35,,3,22.847,25.692
2,prox,36,,0,25.373,27.836
2,prox,37,,1,25.681,28.497
2,prox,38,,2,25.687,28.509
2,prox,39,,3,25.692,28.515
2,prox,40,,0,27.836,30.292
2,prox,41,,1,28.497,31.294
2,prox,42,,2,28.509,31.325
2,prox,43,,3,28.515,31.325
2,prox,44,,0,30.292,32.8
2,prox,45,,1,31.294,34.123
2,prox,46,,2,31.325,34.158
2,prox,47,,3,31.325,34.153
2,prox,48,,0,32.8,35.25
2,prox,49,,1,34.123,36.918
2,prox,51,,3,34.153,36.964
2,prox,50,,2,34.158,36.973
2,prox,52,,0,35.25,37.763
2,prox,53,,1,36.918,39.689
2,prox,55,,3,36.964,39.753
2,prox,54,,2,36.973,39.767
2,prox,56,,0,37.763,40.321
2,prox,57,,1,39.689,42.398
2,prox,59,,3,39.753,42.484
2,prox,58,,2,39.767,42.498
2,prox,60,,0,40.321,42.892
2,prox,61,,1,42.398,45.124
2,prox,63,,3,42.484,45.251
2,prox,62,,2,42.498,45.255
2,prox,64,,0,42.892,45.498
2,prox,65,,1,45.124,47.806
2,prox,67,,3,45.251,48.025
2,prox,66,,2,45.255,48.012
2,prox,68,,0,45.498,48.155
2,prox,69,,1,47.806,50.51
2,prox,70,,2,48.012,50.836
2,prox,71,,3,48.025,50.826
2,prox,72,,0,48.156,50.91
2,prox,73,,1,50.51,53.117
2,prox,75,,3,50.826,53.641
2,prox,74,,2,50.836,53.65
2,prox,76,,0,50.91,53.698
2,prox,77,,1,53.117,55.654
2,prox,79,,3,53.641,56.428
2,prox,78,,2,53.65,56.44
2,prox,80,,0,53.698,56.467
2,prox,81,,1,55.654,58.163
2,prox,83,,3,56.428,59.248
2,prox,82,,2,56.44,59.225
2,prox,84,,0,56.467,59.263
2,prox,85,,1,58.163,60.687
2,prox,86,,2,59.225,61.976
2,prox,87,,3,59.248,62.049
2,prox,88,,0,59.263,62.033
2,prox,89,,1,60.687,63.269
2,prox,90,,2,61.976,64.754
2,prox,92,,0,62.033,64.821
2,prox,91,,3,62.049,64.846
2,prox,93,,1,63.269,65.864
2,prox,94,,2,64.754,67.577
2,prox,96,,0,64.821,67.632
2,prox,95,,3,64.846,67.669
2,prox,97,,1,65.864,68.119
2,prox,98,,2,67.577,87.156
2,denoise,0,0,0,67.632,76.516
2,denoise,0,1,3,67.669,74.841
2,denoise,0,2,1,68.119,75.367
2,denoise,0,3,3,74.874,82.164
2,denoise,0,4,1,75.395,83.182
2,denoise,0,5,0,76.542,84.166
2,denoise,0,6,3,82.193,89.233
2,denoise,0,7,1,83.209,90.098
2,denoise,0,8,0,84.194,90.991
2,denoise,0,9,2,87.157,93.69
2,denoise,1,0,3,89.239,94.968
2,denoise,1,1,1,90.102,96.045
2,denoise,1,2,0,90.995,97.081
2,denoise,1,3,2,93.694,100.539
2,denoise,1,4,3,94.973,102.333
2,denoise,1,5,1,96.049,103.322
2,denoise,1,6,0,97.085,103.745
2,denoise,1,7,2,100.543,106.616
2,denoise,1,8,3,102.337,107.886
2,denoise,1,9,1,103.326,108.981
2,denoise,2,0,0,103.749,109.498
2,denoise,2,1,2,106.619,112.211
2,denoise,2,2,3,107.89,114.432
2,denoise,2,3,1,108.984,116.085
2,denoise,2,4,0,109.502,116.827
2,denoise,2,5,2,112.214,119.534
2,denoise,2,6,3,114.435,121.554
2,denoise,2,7,1,116.089,122.562
2,denoise,2,8,0,116.831,122.92
2,denoise,2,9,2,119.542,125.201
3,prox,2,,2,0.001,4.342
3,prox,3,,3,0.001,4.34
3,prox,1,,1,0.001,4.326
3,prox,0,,0,0.002,4.343
3,prox,5,,1,4.326,8.688
3,prox,7,,3,4.34,8.714
3,prox,6,,2,4.342,8.698
3,prox,4,,0,4.343,8.713
3,prox,9,,1,8.688,12.923
3,prox,10,,2,8.698,12.953
3,prox,8,,0,8.713,12.961
3,prox,11,,3,8.714,12.972
3,prox,13,,1,12.923,17.137
3,prox,14,,2,12.953,17.216
3,prox,12,,0,12.961,17.224
3,prox,15,,3,12.972,17.231
3,prox,17,,1,17.137,21.215
3,prox,18,,2,17.216,21.474
3,prox,16,,0,17.224,21.496
3,prox,19,,3,17.231,21.496
3,prox,21,,1,21.215,25.163
3,prox,22,,2,21.474,25.724
3,prox,20,,0,21.496,25.74
3,prox,23,,3,21.496,25.739
3,prox,25,,1,25.163,29.098
3,prox,26,,2,25.724,29.973
3,prox,27,,3,25.739,29.986
3,prox,24,,0,25.74,29.996
3,prox,29,,1,29.098,32.964
3,prox,30,,2,29.973,34.132
3,prox,31,,3,29.986,34.184
3,prox,28,,0,29.996,34.194
3,prox,33,,1,32.964,36.924
3,prox,34,,2,34.132,38.377
3,prox,35,,3,34.184,38.455
3,prox,32,,0,34.194,38.452
3,prox,37,,1,36.924,40.989
3,prox,38,,2,38.377,42.6
3,prox,36,,0,38.452,42.706
3,prox,39,,3,38.455,42.721
3,prox,41,,1,40.989,45.072
3,prox,42,,2,42.6,46.729
3,prox,40,,0,42.706,46.902
3,prox,43,,3,42.721,46.927
3,prox,45,,1,45.072,49.254
3,prox,46,,2,46.729,50.933
3,prox,44,,0,46.902,51.178
3,prox,47,,3,46.927,51.22
3,prox,49,,1,49.254,53.424
3,prox,50,,2,50.933,55.188
3,prox,48,,0,51.178,55.477
3,prox,51,,3,51.22,55.559
3,prox,53,,1,53.424,57.639
3,prox,54,,2,55.188,59.333
3,prox,52,,0,55.477,59.616
3,prox,55,,3,55.559,59.716
3,prox,57,,1,57.639,61.792
3,prox,58,,2,59.333,63.498
3,prox,56,,0,59.616,63.784
3,prox,59,,3,59.716,63.873
3,prox,61,,1,61.792,65.924
3,prox,62,,2,63.498,67.625
3,prox,60,,0,63.784,67.96
3,prox,63,,3,63.873,68.067
3,prox,65,,1,65.924,70.073
3,prox,66,,2,67.625,71.836
3,prox,64,,0,67.96,72.151
3,prox,67,,3,68.067,72.276
3,prox,69,,1,70.073,74.234
3,prox,70,,2,71.836,76.031
3,prox,68,,0,72.151,76.298
3,prox,71,,3,72.276,76.434
3,prox,73,,1,74.234,78.394
3,prox,74,,2,76.031,80.148
3,prox,72,,0,76.298,80.408
3,prox,75,,3,76.434,80.571
3,prox,77,,1,78.394,82.555
3,prox,78,,2,80.148,84.311
3,prox,76,,0,80.408,84.541
3,prox,79,,3,80.571,84.743
3,prox,81,,1,82.555,86.713
3,prox,82,,2,84.311,88.485
3,prox,80,,0,84.541,88.655
3,prox,83,,3,84.743,88.878
3,prox,85,,1,86.713,90.874
3,prox,86,,2,88.485,92.691
3,prox,84,,0,88.655,92.825
3,prox,87,,3,88.878,93.024
3,prox,89,,1,90.874,95.051
3,prox,90,,2,92.691,96.896
3,prox,88,,0,92.825,97.004
3,prox,91,,3,93.024,97.212
3,prox,93,,1,95.051,99.185
3,prox,94,,2,96.896,101.085
3,prox,92,,0,97.004,101.144
3,prox,95,,3,97.212,101.298
3,prox,97,,1,99.185,103.034
3,prox,98,,2,101.085,104.328
3,prox,96,,0,101.144,123.443
3,denoise,0,0,3,101.298,110.402
3,denoise,0,1,1,103.034,110.131
3,denoise,0,2,2,104.328,111.414
3,denoise,0,3,1,110.41,117.484
3,denoise,0,4,3,110.461,118.093
3,denoise,0,5,2,111.442,118.956
3,denoise,0,6,1,117.516,124.461
3,denoise,0,7,3,118.122,125.122
3,denoise,0,8,2,118.99,125.857
3,denoise,0,9,0,123.443,130.037
3,denoise,1,0,1,124.464,130.368
3,denoise,1,1,3,125.125,131.007
3,denoise,1,2,2,125.86,131.869
3,denoise,1,3,0,130.041,136.918
3,denoise,1,4,1,130.372,137.69
3,denoise,1,5,3,131.011,138.531
3,denoise,1,6,2,131.873,138.419
3,denoise,1,7,0,136.922,142.911
3,denoise,1,8,1,137.694,143.274
3,denoise,1,9,2,138.535,144.327
3,denoise,2,0,3,138.539,144.49
3,denoise,2,1,0,142.916,148.492
3,denoise,2,2,1,143.278,149.779
3,denoise,2,3,2,144.331,151.569
3,denoise,2,4,3,144.494,152.041
3,denoise,2,5,0,148.495,155.871
3,denoise,2,6,1,149.783,156.952
3,denoise,2,7,2,151.573,158.183
3,denoise,2,8,3,152.045,157.998
3,denoise,2,9,0,155.875,161.648
4,prox,2,,2,0.001,5.25
4,prox,0,,0,0.001,5.241
4,prox,1,,1,0.001,5.264
4,prox,3,,3,0.002,5.256
4,prox,4,,0,5.241,10.378
4,prox,6,,2,5.25,10.428
4,prox,7,,3,5.256,10.435
4,prox,5,,1,5.264,10.435
4,prox,8,,0,10.378,15.406
4,prox,10,,2,10.428,15.615
4,prox,9,,1,10.435,15.581
4,prox,11,,3,10.435,15.619
4,prox,12,,0,15.407,20.176
4,prox,13,,1,15.581,20.673
4,prox,14,,2,15.615,20.721
4,prox,15,,3,15.619,20.731
4,prox,16,,0,20.176,24.911
4,prox,17,,1,20.673,25.679
4,prox,18,,2,20.721,25.75
4,prox,19,,3,20.731,25.773
4,prox,20,,0,24.911,29.749
4,prox,21,,1,25.679,30.671
4,prox,22,,2,25.75,30.796
4,prox,23,,3,25.773,30.845
4,prox,24,,0,29.749,34.72
4,prox,25,,1,30.671,35.613
4,prox,26,,2,30.796,35.814
4,prox,27,,3,30.845,35.865
4,prox,28,,0,34.72,39.647
4,prox,29,,1,35.613,40.581
4,prox,30,,2,35.814,40.864
4,prox,31,,3,35.865,40.926
4,prox,32,,0,39.647,44.601
4,prox,33,,1,40.581,45.585
4,prox,34,,2,40.864,45.899
4,prox,35,,3,40.926,45.965
4,prox,36,,0,44.601,49.569
4,prox,37,,1,45.585,50.53
4,prox,38,,2,45.899,50.887
4,prox,39,,3,45.965,50.97
4,prox,40,,0,49.569,54.591
4,prox,41,,1,50.53,55.499
4,prox,42,,2,50.887,55.927
4,prox,43,,3,50.97,56.009
4,prox,44,,0,54.591,59.561
4,prox,45,,1,55.499,60.517
4,prox,46,,2,55.927,60.979
4,prox,47,,3,56.009,61.049
4,prox,48,,0,59.561,64.542
4,prox,49,,1,60.517,65.475
4,prox,50,,2,60.979,66.041
4,prox,51,,3,61.049,66.092
4,prox,52,,0,64.542,69.51
4,prox,53,,1,65.475,70.448
4,prox,54,,2,66.041,71.044
4,prox,55,,3,66.092,71.12
4,prox,56,,0,69.51,74.441
4,prox,57,,1,70.448,75.404
4,prox,58,,2,71.044,75.995
4,prox,59,,3,71.12,76.081
4,prox,60,,0,74.441,79.346
4,prox,61,,1,75.404,80.363
4,prox,62,,2,75.995,80.972
4,prox,63,,3,76.081,81.062
4,prox,64,,0,79.346,84.3
4,prox,65,,1,80.363,85.381
4,prox,66,,2,80.972,85.986
4,prox,67,,3,81.062,86.116
4,prox,68,,0,84.3,89.286
4,prox,69,,1,85.381,90.413
4,prox,70,,2,85.986,91.0
4,prox,71,,3,86.116,91.141
4,prox,72,,0,89.286,94.3
4,prox,73,,1,90.413,95.469
4,prox,74,,2,91.0,96.066
4,prox,75,,3,91.141,96.201
4,prox,76,,0,94.3,99.287
4,prox,77,,1,95.469,100.486
4,prox,78,,2,96.066,101.086
4,prox,79,,3,96.201,101.235
4,prox,80,,0,99.287,104.299
4,prox,81,,1,100.486,105.482
4,prox,82,,2,101.086,106.125
4,prox,83,,3,101.235,106.27
4,prox,84,,0,104.299,109.238
4,prox,85,,1,105.482,110.513
4,prox,86,,2,106.125,111.101
4,prox,87,,3,106.27,111.239
4,prox,88,,0,109.238,114.255
4,prox,89,,1,110.513,115.526
4,prox,90,,2,111.101,116.123
4,prox,91,,3,111.239,116.298
4,prox,92,,0,114.255,119.286
4,prox,93,,1,115.526,120.587
4,prox,94,,2,116.123,121.181
4,prox,95,,3,116.298,121.317
4,prox,96,,0,119.286,123.811
4,prox,97,,1,120.587,124.71
4,prox,98,,2,121.181,141.785
4,denoise,0,0,3,121.317,130.519
4,denoise,0,1,0,123.811,131.051
4,denoise,0,2,1,124.71,131.727
4,denoise,0,3,3,130.553,137.641
4,denoise,0,4,0,131.084,138.576
4,denoise,0,5,1,131.764,139.343
4,denoise,0,6,3,137.672,144.601
4,denoise,0,7,0,138.604,145.518
4,denoise,0,8,1,139.37,146.267
4,denoise,0,9,2,141.785,148.349
4,denoise,1,0,3,144.605,149.841
4,denoise,1,1,0,145.522,151.219
4,denoise,1,2,1,146.271,152.337
4,denoise,1,3,2,148.353,155.25
4,denoise,1,4,3,149.845,157.234
4,denoise,1,5,0,151.223,158.591
4,denoise,1,6,1,152.341,158.957
4,denoise,1,7,2,155.255,161.165
4,denoise,1,8,3,157.238,162.591
4,denoise,1,9,0,158.595,163.788
4,denoise,2,0,1,158.961,164.228
4,denoise,2,1,2,161.168,166.656
4,denoise,2,2,3,162.595,169.181
4,denoise,2,3,0,163.791,170.988
4,denoise,2,4,1,164.232,171.699
4,denoise,2,5,2,166.66,174.133
4,denoise,2,6,3,169.184,176.382
4,denoise,2,7,0,170.992,177.49
4,denoise,2,8,1,171.703,177.649
4,denoise,2,9,2,174.137,179.312
5,prox,2,,2,0.01,5.27
5,prox,1,,1,0.03,5.264
5,prox,0,,0,0.034,5.247
5,prox,3,,3,0.04,5.234
5,prox,7,,3,5.234,10.3
5,prox,4,,0,5.247,10.315
5,prox,5,,1,5.265,10.359
5,prox,6,,2,5.27,10.355
5,prox,11,,3,10.3,15.411
5,prox,8,,0,10.315,15.449
5,prox,10,,2,10.355,15.487
5,prox,9,,1,10.359,15.497
5,prox,15,,3,15.411,20.53
5,prox,12,,0,15.449,20.641
5,prox,14,,2,15.487,20.713
5,prox,13,,1,15.497,20.7
5,prox,19,,3,20.53,25.429
5,prox,16,,0,20.641,25.671
5,prox,17,,1,20.7,25.799
5,prox,18,,2,20.713,25.81
5,prox,23,,3,25.429,30.343
5,prox,20,,0,25.671,30.572
5,prox,21,,1,25.799,30.835
5,prox,22,,2,25.81,30.828
5,prox,27,,3,30.343,35.305
5,prox,24,,0,30.572,35.527
5,prox,26,,2,30.828,35.944
5,prox,25,,1,30.835,35.936
5,prox,31,,3,35.305,40.256
5,prox,28,,0,35.527,40.433
5,prox,29,,1,35.936,40.927
5,prox,30,,2,35.944,40.995
5,prox,35,,3,40.256,45.21
5,prox,32,,0,40.433,45.354
5,prox,33,,1,40.927,45.914
5,prox,34,,2,40.995,45.996
5,prox,39,,3,45.21,50.206
5,prox,36,,0,45.354,50.33
5,prox,37,,1,45.914,50.994
5,prox,38,,2,45.996,51.043
5,prox,43,,3,50.206,55.129
5,prox,40,,0,50.33,55.233
5,prox,41,,1,50.994,55.97
5,prox,42,,2,51.043,56.035
5,prox,47,,3,55.129,60.141
5,prox,44,,0,55.233,60.254
5,prox,45,,1,55.97,60.993
5,prox,46,,2,56.035,61.075
5,prox,51,,3,60.141,65.096
5,prox,48,,0,60.254,65.196
5,prox,49,,1,60.993,65.989
5,prox,50,,2,61.075,66.084
5,prox,55,,3,65.096,70.108
5,prox,52,,0,65.196,70.183
5,prox,53,,1,65.989,71.016
5,prox,54,,2,66.084,71.109
5,prox,59,,3,70.108,75.119
5,prox,56,,0,70.183,75.201
5,prox,57,,1,71.016,76.001
5,prox,58,,2,71.109,76.129
5,prox,63,,3,75.119,80.292
5,prox,60,,0,75.201,80.316
5,prox,61,,1,76.001,81.046
5,prox,62,,2,76.129,81.186
5,prox,67,,3,80.292,85.331
5,prox,64,,0,80.316,85.326
5,prox,65,,1,81.046,85.998
5,prox,66,,2,81.186,86.115
5,prox,68,,0,85.326,90.355
5,prox,71,,3,85.331,90.359
5,prox,69,,1,85.998,90.917
5,prox,70,,2,86.115,91.047
5,prox,72,,0,90.355,95.355
5,prox,75,,3,90.359,95.367
5,prox,73,,1,90.917,95.842
5,prox,74,,2,91.047,95.954
5,prox,76,,0,95.355,100.328
5,prox,79,,3,95.367,100.355
5,prox,77,,1,95.842,100.726
5,prox,78,,2,95.954,100.864
5,prox,80,,0,100.328,105.338
5,prox,83,,3,100.355,105.391
5,prox,81,,1,100.726,105.725
5,prox,82,,2,100.864,105.854
5,prox,84,,0,105.338,110.417
5,prox,87,,3,105.391,110.477
5,prox,85,,1,105.725,110.749
5,prox,86,,2,105.854,110.87
5,prox,88,,0,110.417,115.421
5,prox,91,,3,110.477,115.528
5,prox,89,,1,110.749,115.783
5,prox,90,,2,110.87,115.911
5,prox,92,,0,115.421,120.432
5,prox,95,,3,115.528,120.562
5,prox,93,,1,115.783,120.794
5,prox,94,,2,115.911,120.888
5,prox,96,,0,120.432,124.541
5,denoise,0,0,3,120.562,129.692
5,prox,97,,1,120.794,124.927
5,prox,98,,2,120.888,141.6
5,denoise,0,1,0,124.541,131.617
5,denoise,0,2,1,124.927,131.989
5,denoise,0,3,3,129.719,136.739
5,denoise,0,4,0,131.652,138.927
5,denoise,0,5,1,132.018,139.575
5,denoise,0,6,3,136.765,143.532
5,denoise,0,7,0,138.962,145.785
5,denoise,0,8,1,139.603,146.441
5,denoise,0,9,2,141.601,148.028
5,denoise,1,0,3,143.535,148.498
5,denoise,1,1,0,145.789,151.351
5,denoise,1,2,1,146.445,152.397
5,denoise,1,3,2,148.032,154.874
5,denoise,1,4,3,148.502,155.839
5,denoise,1,5,0,151.354,158.738
5,denoise,1,6,1,152.4,158.942
5,denoise,1,7,2,154.878,160.646
5,denoise,1,8,3,155.843,161.028
5,denoise,1,9,0,158.743,163.651
5,denoise,2,0,1,158.946,163.869
5,denoise,2,1,2,160.65,166.021
5,denoise,2,2,3,161.032,167.477
5,denoise,2,3,0,163.655,170.902
5,denoise,2,4,1,163.873,171.374
5,denoise,2,5,2,166.024,173.503
5,denoise,2,6,3,167.481,174.576
5,denoise,2,7,0,170.905,177.374
5,denoise,2,8,1,171.378,177.035
5,denoise,2,9,2,173.506,178.304
6,prox,0,,0,0.001,5.188
6,prox,3,,3,0.001,5.18
6,prox,1,,1,0.001,5.203
6,prox,2,,2,0.002,5.159
6,prox,6,,2,5.159,10.299
6,prox,7,,3,5.18,10.367
6,prox,4,,0,5.188,10.383
6,prox,5,,1,5.203,10.388
6,prox,10,,2,10.299,15.273
6,prox,11,,3,10.367,15.543
6,prox,8,,0,10.383,15.52
6,prox,9,,1,10.388,15.543
6,prox,14,,2,15.273,20.089
6,prox,12,,0,15.52,20.671
6,prox,13,,1,15.543,20.734
6,prox,15,,3,15.543,20.748
6,prox,18,,2,20.089,24.971
6,prox,16,,0,20.671,25.709
6,prox,17,,1,20.734,25.832
6,prox,19,,3,20.748,25.869
6,prox,22,,2,24.971,29.974
6,prox,20,,0,25.709,30.705
6,prox,21,,1,25.832,30.919
6,prox,23,,3,25.869,30.958
6,prox,26,,2,29.974,34.988
6,prox,24,,0,30.705,35.722
6,prox,25,,1,30.919,36.007
6,prox,27,,3,30.958,36.07
6,prox,30,,2,34.988,39.947
6,prox,28,,0,35.722,40.683
6,prox,29,,1,36.007,41.027
6,prox,31,,3,36.07,41.11
6,prox,34,,2,39.947,44.898
6,prox,32,,0,40.683,45.652
6,prox,33,,1,41.027,46.042
6,prox,35,,3,41.11,46.136
6,prox,38,,2,44.898,49.938
6,prox,36,,0,45.652,50.626
6,prox,37,,1,46.042,51.083
6,prox,39,,3,46.136,51.176
6,prox,42,,2,49.938,54.92
6,prox,40,,0,50.626,55.627
6,prox,41,,1,51.083,56.11
6,prox,43,,3,51.176,56.215
6,prox,46,,2,54.92,59.909
6,prox,44,,0,55.627,60.628
6,prox,45,,1,56.11,61.159
6,prox,47,,3,56.215,61.255
6,prox,50,,2,59.909,64.878
6,prox,48,,0,60.628,65.593
6,prox,49,,1,61.159,66.127
6,prox,51,,3,61.255,66.249
6,prox,54,,2,64.878,69.896
6,prox,52,,0,65.593,70.585
6,prox,53,,1,66.127,71.132
6,prox,55,,3,66.249,71.25
6,prox,58,,2,69.896,74.837
6,prox,56,,0,70.585,75.51
6,prox,57,,1,71.132,76.104
6,prox,59,,3,71.25,76.234
6,prox,62,,2,74.837,79.787
6,prox,60,,0,75.51,80.411
6,prox,61,,1,76.104,81.108
6,prox,63,,3,76.234,81.195
6,prox,66,,2,79.787,84.74
6,prox,64,,0,80.411,85.315
6,prox,65,,1,81.108,86.134
6,prox,67,,3,81.195,86.21
6,prox,70,,2,84.74,89.822
6,prox,68,,0,85.315,90.367
6,prox,69,,1,86.134,91.242
6,prox,71,,3,86.21,91.331
6,prox,74,,2,89.822,94.759
6,prox,72,,0,90.367,95.311
6,prox,73,,1,91.242,96.259
6,prox,75,,3,91.331,96.34
6,prox,78,,2,94.759,99.749
6,prox,76,,0,95.311,100.274
6,prox,77,,1,96.259,101.291
6,prox,79,,3,96.34,101.387
6,prox,82,,2,99.749,104.721
6,prox,80,,0,100.274,105.218
6,prox,81,,1,101.291,106.272
6,prox,83,,3,101.387,106.389
6,prox,86,,2,104.721,109.732
6,prox,84,,0,105.218,110.259
6,prox,85,,1,106.272,111.356
6,prox,87,,3,106.389,111.464
6,prox,90,,2,109.732,114.749
6,prox,88,,0,110.259,115.285
6,prox,89,,1,111.356,116.393
6,prox,91,,3,111.464,116.494
6,prox,94,,2,114.749,119.727
6,prox,92,,0,115.285,120.225
6,prox,93,,1,116.393,121.398
6,prox,95,,3,116.494,121.488
6,prox,98,,2,119.727,124.247
6,prox,96,,0,120.225,124.545
6,prox,97,,1,121.398,141.626
6,denoise,0,0,3,121.488,130.517
6,denoise,0,1,2,124.247,131.476
6,denoise,0,2,0,124.545,131.752
6,denoise,0,3,3,130.552,137.638
6,denoise,0,4,2,131.758,139.116
6,denoise,0,5,0,131.812,139.388
6,denoise,0,6,3,137.684,144.324
6,denoise,0,7,2,139.395,146.309
6,denoise,0,8,0,139.445,146.541
6,denoise,0,9,1,141.626,148.0
6,denoise,1,0,3,144.328,149.047
6,denoise,1,1,2,146.545,152.011
6,denoise,1,2,0,146.548,152.562
6,denoise,1,3,1,148.004,154.804
6,denoise,1,4,3,149.051,156.384
6,denoise,1,5,2,152.015,159.443
6,denoise,1,6,0,152.566,158.983
6,denoise,1,7,1,154.808,160.505
6,denoise,1,8,3,156.388,161.382
6,denoise,1,9,0,158.987,163.636
6,denoise,2,0,2,159.449,164.186
6,denoise,2,1,1,160.509,165.814
6,denoise,2,2,3,161.386,167.879
6,denoise,2,3,0,163.64,170.711
6,denoise,2,4,2,164.189,171.612
6,denoise,2,5,1,165.818,173.234
6,denoise,2,6,3,167.882,174.994
6,denoise,2,7,0,170.715,177.056
6,denoise,2,8,2,171.616,177.307
6,denoise,2,9,1,173.238,177.938
7,prox,2,,2,0.001,5.14
7,prox,0,,0,0.001,5.09
7,prox,3,,3,0.001,5.152
7,prox,1,,1,0.002,5.14
7,prox,4,,0,5.09,10.175
7,prox,6,,2,5.14,10.381
7,prox,5,,1,5.14,10.357
7,prox,7,,3,5.152,10.374
7,prox,8,,0,10.175,14.941
7,prox,9,,1,10.357,15.477
7,prox,11,,3,10.374,15.512
7,prox,10,,2,10.381,15.507
7,prox,12,,0,14.941,19.709
7,prox,13,,1,15.477,20.558
7,prox,14,,2,15.507,20.638
7,prox,15,,3,15.512,20.632
7,prox,16,,0,19.709,24.544
7,prox,17,,1,20.558,25.555
7,prox,19,,3,20.632,25.628
7,prox,18,,2,20.638,25.663
7,prox,20,,0,24.544,29.306
7,prox,21,,1,25.555,30.466
7,prox,23,,3,25.628,30.541
7,prox,22,,2,25.663,30.588
7,prox,24,,0,29.306,34.141
7,prox,25,,1,30.466,35.449
7,prox,27,,3,30.541,35.546
7,prox,26,,2,30.589,35.6
7,prox,28,,0,34.141,39.042
7,prox,29,,1,35.449,40.348
7,prox,31,,3,35.546,40.525
7,prox,30,,2,35.6,40.576
7,prox,32,,0,39.042,43.869
7,prox,33,,1,40.348,45.281
7,prox,35,,3,40.525,45.515
7,prox,34,,2,40.576,45.548
7,prox,36,,0,43.869,48.762
7,prox,37,,1,45.281,50.162
7,prox,39,,3,45.515,50.46
7,prox,38,,2,45.548,50.489
7,prox,40,,0,48.762,53.595
7,prox,41,,1,50.162,55.062
7,prox,43,,3,50.46,55.451
7,prox,42,,2,50.489,55.525
7,prox,44,,0,53.595,58.561
7,prox,45,,1,55.062,60.096
7,prox,47,,3,55.451,60.487
7,prox,46,,2,55.525,60.576
7,prox,48,,0,58.561,63.476
7,prox,49,,1,60.096,65.097
7,prox,51,,3,60.487,65.502
7,prox,50,,2,60.576,65.604
7,prox,52,,0,63.476,68.464
7,prox,53,,1,65.097,70.082
7,prox,55,,3,65.502,70.464
7,prox,54,,2,65.604,70.577
7,prox,56,,0,68.464,73.415
7,prox,57,,1,70.082,75.049
7,prox,59,,3,70.464,75.456
7,prox,58,,2,70.577,75.576
7,prox,60,,0,73.415,78.358
7,prox,61,,1,75.049,80.019
7,prox,63,,3,75.456,80.471
7,prox,62,,2,75.576,80.57
7,prox,64,,0,78.358,83.34
7,prox,65,,1,80.019,85.006
7,prox,67,,3,80.471,85.398
7,prox,66,,2,80.57,85.504
7,prox,68,,0,83.34,88.244
7,prox,69,,1,85.006,89.946
7,prox,71,,3,85.398,90.381
7,prox,70,,2,85.504,90.494
7,prox,72,,0,88.244,93.148
7,prox,73,,1,89.946,94.861
7,prox,75,,3,90.381,95.348
7,prox,74,,2,90.494,95.44
7,prox,76,,0,93.148,98.038
7,prox,77,,1,94.861,99.793
7,prox,79,,3,95.348,100.258
7,prox,78,,2,95.44,100.378
7,prox,80,,0,98.038,102.942
7,prox,81,,1,99.793,104.671
7,prox,83,,3,100.258,105.187
7,prox,82,,2,100.378,105.297
7,prox,84,,0,102.942,107.828
7,prox,85,,1,104.671,109.623
7,prox,87,,3,105.187,110.167
7,prox,86,,2,105.297,110.292
7,prox,88,,0,107.828,112.807
7,prox,89,,1,109.623,114.641
7,prox,91,,3,110.167,115.184
7,prox,90,,2,110.292,115.311
7,prox,92,,0,112.807,117.765
7,prox,93,,1,114.641,119.601
7,prox,95,,3,115.184,120.104
7,prox,94,,2,115.311,120.265
7,prox,96,,0,117.765,122.215
7,prox,97,,1,119.601,123.45
7,denoise,0,0,3,120.104,129.656
7,prox,98,,2,120.265,140.279
7,denoise,0,1,0,122.215,129.406
7,denoise,0,2,1,123.45,130.418
7,denoise,0,3,0,129.685,136.935
7,denoise,0,4,3,129.69,137.264
7,denoise,0,5,1,130.445,137.846
7,denoise,0,6,0,136.97,143.675
7,denoise,0,7,3,137.307,144.155
7,denoise,0,8,1,137.874,144.653
7,denoise,0,9,2,140.279,146.565
7,denoise,1,0,0,143.679,148.416
7,denoise,1,1,3,144.159,149.702
7,denoise,1,2,1,144.657,150.567
7,denoise,1,3,2,146.568,153.416
7,denoise,1,4,0,148.42,155.75
7,denoise,1,5,3,149.705,157.173
7,denoise,1,6,1,150.571,157.006
7,denoise,1,7,2,153.42,159.129
7,denoise,1,8,0,155.754,160.723
7,denoise,1,9,1,157.01,161.72
7,denoise,2,0,3,157.177,161.952
7,denoise,2,1,2,159.134,164.463
7,denoise,2,2,0,160.727,167.185
7,denoise,2,3,1,161.724,168.982
7,denoise,2,4,3,161.956,169.559
7,denoise,2,5,2,164.467,171.947
7,denoise,2,6,0,167.188,174.298
7,denoise,2,7,1,168.986,175.407
7,denoise,2,8,3,169.563,175.198
7,denoise,2,9,2,171.951,176.61
8,prox,3,,3,0.004,5.22
8,prox,1,,1,0.009,5.228
8,prox,2,,2,0.013,5.221
8,prox,0,,0,0.014,5.188
8,prox,4,,0,5.188,10.303
8,prox,7,,3,5.22,10.401
8,prox,6,,2,5.221,10.408
8,prox,5,,1,5.228,10.395
8,prox,8,,0,10.303,15.122
8,prox,9,,1,10.395,15.488
8,prox,11,,3,10.401,15.481
8,prox,10,,2,10.408,15.495
8,prox,12,,0,15.122,19.84
8,prox,15,,3,15.481,20.536
8,prox,13,,1,15.488,20.577
8,prox,14,,2,15.495,20.564
8,prox,16,,0,19.84,24.533
8,prox,19,,3,20.536,25.53
8,prox,18,,2,20.564,25.564
8,prox,17,,1,20.577,25.563
8,prox,20,,0,24.533,29.246
8,prox,23,,3,25.53,30.473
8,prox,21,,1,25.563,30.566
8,prox,22,,2,25.564,30.539
8,prox,24,,0,29.246,34.093
8,prox,27,,3,30.473,35.47
8,prox,26,,2,30.539,35.606
8,prox,25,,1,30.566,35.593
8,prox,28,,0,34.093,39.003
8,prox,31,,3,35.47,40.382
8,prox,29,,1,35.593,40.623
8,prox,30,,2,35.606,40.663
8,prox,32,,0,39.003,43.935
8,prox,35,,3,40.382,45.292
8,prox,33,,1,40.623,45.623
8,prox,34,,2,40.663,45.679
8,prox,36,,0,43.935,48.829
8,prox,39,,3,45.292,50.181
8,prox,37,,1,45.623,50.579
8,prox,38,,2,45.679,50.633
8,prox,40,,0,48.829,53.709
8,prox,43,,3,50.181,55.147
8,prox,41,,1,50.579,55.606
8,prox,42,,2,50.633,55.668
8,prox,44,,0,53.709,58.62
8,prox,47,,3,55.147,60.139
8,prox,45,,1,55.606,60.646
8,prox,46,,2,55.668,60.719
8,prox,48,,0,58.62,63.555
8,prox,51,,3,60.139,65.051
8,prox,49,,1,60.647,65.637
8,prox,50,,2,60.719,65.719
8,prox,52,,0,63.555,68.507
8,prox,55,,3,65.051,70.006
8,prox,53,,1,65.637,70.643
8,prox,54,,2,65.719,70.732
8,prox,56,,0,68.507,73.408
8,prox,59,,3,70.006,74.967
8,prox,57,,1,70.643,75.616
8,prox,58,,2,70.732,75.701
8,prox,60,,0,73.408,78.364
8,prox,63,,3,74.967,79.934
8,prox,61,,1,75.616,80.64
8,prox,62,,2,75.701,80.69
8,prox,64,,0,78.364,83.288
8,prox,67,,3,79.934,84.929
8,prox,65,,1,80.64,85.701
8,prox,66,,2,80.69,85.755
8,prox,68,,0,83.288,88.21
8,prox,71,,3,84.929,89.902
8,prox,69,,1,85.701,90.744
8,prox,70,,2,85.755,90.773
8,prox,72,,0,88.21,93.09
8,prox,75,,3,89.902,94.822
8,prox,73,,1,90.744,95.772
8,prox,74,,2,90.773,95.797
8,prox,76,,0,93.09,98.04
8,prox,79,,3,94.822,99.783
8,prox,77,,1,95.772,100.844
8,prox,78,,2,95.797,100.845
8,prox,80,,0,98.04,102.922
8,prox,83,,3,99.783,104.717
8,prox,81,,1,100.844,105.926
8,prox,82,,2,100.845,105.948
8,prox,84,,0,102.922,107.968
8,prox,87,,3,104.717,109.701
8,prox,85,,1,105.926,111.032
8,prox,86,,2,105.948,111.026
8,prox,88,,0,107.968,112.916
8,prox,91,,3,109.701,114.639
8,prox,90,,2,111.026,116.098
8,prox,89,,1,111.032,116.122
8,prox,92,,0,112.916,117.872
8,prox,95,,3,114.639,119.579
8,prox,94,,2,116.098,120.912
8,prox,93,,1,116.122,120.941
8,prox,96,,0,117.872,122.24
8,denoise,0,0,3,119.579,128.591
8,prox,98,,2,120.912,141.251
8,prox,97,,1,120.941,124.58
8,denoise,0,1,0,122.24,129.366
8,denoise,0,2,1,124.58,131.537
8,denoise,0,3,3,128.626,135.702
8,denoise,0,4,0,129.394,136.691
8,denoise,0,5,1,131.564,138.798
8,denoise,0,6,3,135.73,142.39
8,denoise,0,7,0,136.699,143.359
8,denoise,0,8,1,138.825,145.41
8,denoise,0,9,2,141.252,147.7
8,denoise,1,0,3,142.394,147.074
8,denoise,1,1,0,143.362,148.857
8,denoise,1,2,1,145.415,151.333
8,denoise,1,3,3,147.079,153.938
8,denoise,1,4,2,147.704,155.089
8,denoise,1,5,0,148.861,156.271
8,denoise,1,6,1,151.337,157.756
8,denoise,1,7,3,153.942,159.659
8,denoise,1,8,2,155.093,160.163
8,denoise,1,9,0,156.275,160.901
8,denoise,2,0,1,157.76,162.41
8,denoise,2,1,3,159.663,164.989
8,denoise,2,2,2,160.167,166.656
8,denoise,2,3,0,160.905,168.065
8,denoise,2,4,1,162.413,169.938
8,denoise,2,5,3,164.994,172.574
8,denoise,2,6,2,166.66,173.748
8,denoise,2,7,0,168.069,174.419
8,denoise,2,8,1,169.942,175.527
8,denoise,2,9,3,172.578,177.256
9,prox,2,,2,0.001,5.141
9,prox,3,,3,0.001,5.128
9,prox,1,,1,0.001,5.148
9,prox,0,,0,0.002,5.135
9,prox,7,,3,5.128,10.279
9,prox,4,,0,5.135,10.296
9,prox,6,,2,5.141,10.302
9,prox,5,,1,5.148,10.297
9,prox,11,,3,10.279,15.461
9,prox,8,,0,10.296,15.476
9,prox,9,,1,10.297,15.482
9,prox,10,,2,10.302,15.477
9,prox,15,,3,15.461,20.682
9,prox,12,,0,15.476,20.666
9,prox,14,,2,15.477,20.69
9,prox,13,,1,15.482,20.692
9,prox,16,,0,20.666,25.806
9,prox,19,,3,20.682,25.871
9,prox,18,,2,20.69,25.884
9,prox,17,,1,20.692,25.883
9,prox,20,,0,25.806,30.747
9,prox,23,,3,25.871,31.005
9,prox,21,,1,25.883,31.043
9,prox,22,,2,25.884,31.05
9,prox,24,,0,30.747,35.56
9,prox,27,,3,31.005,36.088
9,prox,25,,1,31.043,36.171
9,prox,26,,2,31.05,36.189
9,prox,28,,0,35.56,40.369
9,prox,31,,3,36.088,41.084
9,prox,29,,1,36.171,41.188
9,prox,30,,2,36.189,41.195
9,prox,32,,0,40.369,45.291
9,prox,35,,3,41.084,46.119
9,prox,33,,1,41.188,46.299
9,prox,34,,2,41.195,46.287
9,prox,36,,0,45.291,50.237
9,prox,39,,3,46.119,51.051
9,prox,38,,2,46.287,51.329
9,prox,37,,1,46.299,51.33
9,prox,40,,0,50.237,55.171
9,prox,43,,3,51.051,56.014
9,prox,42,,2,51.329,56.409
9,prox,41,,1,51.33,56.427
9,prox,44,,0,55.171,60.101
9,prox,47,,3,56.014,60.946
9,prox,46,,2,56.409,61.5
9,prox,45,,1,56.427,61.529
9,prox,48,,0,60.101,65.108
9,prox,51,,3,60.946,65.935
9,prox,50,,2,61.5,66.603
9,prox,49,,1,61.529,66.592
9,prox,52,,0,65.108,70.08
9,prox,55,,3,65.935,70.93
9,prox,53,,1,66.592,71.7
9,prox,54,,2,66.603,71.731
9,prox,56,,0,70.08,74.963
9,prox,59,,3,70.93,75.849
9,prox,57,,1,71.7,76.727
9,prox,58,,2,71.731,76.733
9,prox,60,,0,74.963,79.863
9,prox,63,,3,75.849,80.785
9,prox,61,,1,76.727,81.767
9,prox,62,,2,76.733,81.749
9,prox,64,,0,79.863,84.683
9,prox,67,,3,80.785,85.633
9,prox,66,,2,81.749,86.748
9,prox,65,,1,81.767,86.78
9,prox,68,,0,84.683,89.607
9,prox,71,,3,85.633,90.594
9,prox,70,,2,86.748,91.817
9,prox,69,,1,86.78,91.824
9,prox,72,,0,89.607,94.576
9,prox,75,,3,90.594,95.564
9,prox,74,,2,91.817,96.938
9,prox,73,,1,91.824,96.92
9,prox,76,,0,94.576,99.439
9,prox,79,,3,95.564,100.509
9,prox,77,,1,96.92,101.991
9,prox,78,,2,96.938,102.016
9,prox,80,,0,99.439,104.388
9,prox,83,,3,100.509,105.579
9,prox,81,,1,101.991,107.052
9,prox,82,,2,102.016,107.081
9,prox,84,,0,104.388,109.297
9,prox,87,,3,105.579,110.512
9,prox,85,,1,107.052,112.064
9,prox,86,,2,107.081,112.137
9,prox,88,,0,109.297,114.265
9,prox,91,,3,110.512,115.479
9,prox,89,,1,112.064,117.077
9,prox,90,,2,112.137,117.171
9,prox,92,,0,114.265,119.178
9,prox,95,,3,115.479,120.407
9,prox,93,,1,117.077,121.814
9,prox,94,,2,117.171,121.87
9,prox,96,,0,119.178,123.445
9,denoise,0,0,3,120.407,129.383
9,prox,97,,1,121.814,125.373
9,prox,98,,2,121.87,141.952
9,denoise,0,1,0,123.445,130.505
9,denoise,0,2,1,125.373,132.268
9,denoise,0,3,3,129.41,136.399
9,denoise,0,4,0,130.546,137.782
9,denoise,0,5,1,132.298,139.52
9,denoise,0,6,3,136.426,142.987
9,denoise,0,7,0,137.815,144.418
9,denoise,0,8,1,139.551,146.095
9,denoise,0,9,2,141.953,148.346
9,denoise,1,0,3,142.991,147.622
9,denoise,1,1,0,144.421,149.889
9,denoise,1,2,1,146.099,151.981
9,denoise,1,3,3,147.625,154.48
9,denoise,1,4,2,148.35,155.734
9,denoise,1,5,0,149.893,157.274
9,denoise,1,6,1,151.985,158.403
9,denoise,1,7,3,154.484,160.19
9,denoise,1,8,2,155.738,160.802
9,denoise,1,9,0,157.279,161.942
9,denoise,2,0,1,158.406,163.035
9,denoise,2,1,3,160.194,165.543
9,denoise,2,2,2,160.806,167.301
9,denoise,2,3,0,161.945,169.114
9,denoise,2,4,1,163.039,170.574
9,denoise,2,5,3,165.546,173.093
9,denoise,2,6,2,167.305,174.387
9,denoise,2,7,0,169.117,175.452
9,denoise,2,8,1,170.578,176.187
9,denoise,2,9,3,173.096,177.789
10,prox,2,,2,0.001,5.182
10,prox,3,,3,0.001,5.186
10,prox,1,,1,0.001,5.187
10,prox,0,,0,0.002,5.131
10,prox,4,,0,5.131,10.176
10,prox,6,,2,5.182,10.302
10,prox,7,,3,5.186,10.314
10,prox,5,,1,5.187,10.32
10,prox,8,,0,10.176,14.941
10,prox,10,,2,10.302,15.446
10,prox,11,,3,10.314,15.462
10,prox,9,,1,10.32,15.469
10,prox,12,,0,14.941,19.737
10,prox,14,,2,15.446,20.54
10,prox,15,,3,15.462,20.572
10,prox,13,,1,15.469,20.573
10,prox,16,,0,19.737,24.546
10,prox,18,,2,20.54,25.65
10,prox,19,,3,20.572,25.681
10,prox,17,,1,20.573,25.7
10,prox,20,,0,24.546,29.323
10,prox,22,,2,25.65,30.737
10,prox,23,,3,25.681,30.769
10,prox,21,,1,25.7,30.786
10,prox,24,,0,29.323,34.117
10,prox,26,,2,30.737,35.76
10,prox,27,,3,30.769,35.817
10,prox,25,,1,30.786,35.846
10,prox,28,,0,34.117,38.943
10,prox,30,,2,35.76,40.787
10,prox,31,,3,35.817,40.886
10,prox,29,,1,35.846,40.915
10,prox,32,,0,38.943,43.791
10,prox,34,,2,40.787,45.722
10,prox,35,,3,40.886,45.879
10,prox,33,,1,40.915,45.928
10,prox,36,,0,43.791,48.67
10,prox,38,,2,45.722,50.606
10,prox,39,,3,45.879,50.861
10,prox,37,,1,45.928,50.91
10,prox,40,,0,48.67,53.551
10,prox,42,,2,50.606,55.515
10,prox,43,,3,50.861,55.896
10,prox,41,,1,50.91,55.933
10,prox,44,,0,53.551,58.459
10,prox,46,,2,55.515,60.452
10,prox,47,,3,55.896,60.866
10,prox,45,,1,55.933,60.941
10,prox,48,,0,58.459,63.371
10,prox,50,,2,60.452,65.371
10,prox,51,,3,60.866,65.869
10,prox,49,,1,60.941,65.936
10,prox,52,,0,63.371,68.258
10,prox,54,,2,65.371,70.307
10,prox,55,,3,65.869,70.888
10,prox,53,,1,65.936,70.94
10,prox,56,,0,68.258,73.154
10,prox,58,,2,70.307,75.177
10,prox,59,,3,70.888,75.867
10,prox,57,,1,70.94,75.909
10,prox,60,,0,73.154,77.989
10,prox,62,,2,75.177,80.062
10,prox,63,,3,75.867,80.844
10,prox,61,,1,75.909,80.871
10,prox,64,,0,77.989,82.901
10,prox,66,,2,80.062,84.98
10,prox,67,,3,80.844,85.888
10,prox,65,,1,80.871,85.904
10,prox,68,,0,82.901,87.771
10,prox,70,,2,84.98,89.915
10,prox,71,,3,85.888,90.895
10,prox,69,,1,85.904,90.908
10,prox,72,,0,87.771,92.665
10,prox,74,,2,89.915,94.899
10,prox,75,,3,90.895,95.947
10,prox,73,,1,90.908,95.968
10,prox,76,,0,92.665,97.621
10,prox,78,,2,94.899,99.855
10,prox,79,,3,95.947,100.985
10,prox,77,,1,95.968,100.995
10,prox,80,,0,97.621,102.534
10,prox,82,,2,99.855,104.733
10,prox,83,,3,100.985,105.985
10,prox,81,,1,100.995,106.02
10,prox,84,,0,102.534,107.401
10,prox,86,,2,104.733,109.647
10,prox,87,,3,105.985,110.982
10,prox,85,,1,106.02,111.034
10,prox,88,,0,107.401,112.295
10,prox,90,,2,109.647,114.587
10,prox,91,,3,110.982,116.018
10,prox,89,,1,111.034,116.087
10,prox,92,,0,112.295,117.206
10,prox,94,,2,114.587,119.564
10,prox,95,,3,116.018,121.06
10,prox,93,,1,116.087,121.133
10,prox,96,,0,117.206,121.965
10,prox,98,,2,119.564,123.452
10,denoise,0,0,3,121.06,130.332
10,prox,97,,1,121.133,140.676
10,denoise,0,1,0,121.965,128.933
10,denoise,0,2,2,123.452,130.596
10,denoise,0,3,0,128.961,136.05
10,denoise,0,4,3,130.602,138.081
10,denoise,0,5,2,130.683,138.322
10,denoise,0,6,0,136.078,142.646
10,denoise,0,7,3,138.349,145.41
10,denoise,0,8,2,138.353,145.168
10,denoise,0,9,1,140.677,147.028
10,denoise,1,0,0,142.649,147.442
10,denoise,1,1,2,145.414,150.891
10,denoise,1,2,3,145.417,151.509
10,denoise,1,3,1,147.032,153.886
10,denoise,1,4,0,147.445,154.843
10,denoise,1,5,2,150.894,158.403
10,denoise,1,6,3,151.513,157.934
10,denoise,1,7,1,153.889,159.64
10,denoise,1,8,0,154.847,159.909
10,denoise,1,9,3,157.938,162.602
10,denoise,2,0,2,158.406,163.156
10,denoise,2,1,1,159.644,165.077
10,denoise,2,2,0,159.918,166.45
10,denoise,2,3,3,162.605,169.777
10,denoise,2,4,2,163.16,170.683
10,denoise,2,5,1,165.082,172.656
10,denoise,2,6,0,166.453,173.55
10,denoise,2,7,3,169.781,176.167
10,denoise,2,8,2,170.687,176.378
10,denoise,2,9,1,172.66,177.318
