iteration,distance,change,gradient_statistic,exact_gradient,percent_change_offset_-1000,percent_change_offset_0,percent_change_offset_1000,percent_change_offset_10000,alpha,flat_noise,seconds
1.000000e+00,4.829795e-01,4.406831e-01,1.641032e+00,8.280756e-01,7.820160e+00,7.899355e+00,2.930035e+00,4.198882e-01,1.000000e+00,1.004278e+00,7.123399e-02
2.000000e+00,3.097881e-01,1.872720e-01,9.305551e-01,5.174735e-01,3.503955e+00,3.543544e+00,1.294165e+00,1.854611e-01,1.000000e+00,8.389773e-01,3.119397e-02
3.000000e+00,2.150309e-01,1.002737e-01,5.874064e-01,3.516013e-01,1.952013e+00,1.975559e+00,7.151582e-01,1.024864e-01,1.000000e+00,7.495169e-01,4.270911e-02
4.000000e+00,1.549373e-01,6.292288e-02,4.005380e-01,2.487757e-01,1.235454e+00,1.251011e+00,4.502845e-01,6.452840e-02,1.000000e+00,6.932374e-01,3.277278e-02
5.000000e+00,1.142431e-01,4.231500e-02,2.839391e-01,1.805228e-01,8.313509e-01,8.421375e-01,3.019274e-01,4.326792e-02,1.000000e+00,6.554988e-01,3.195786e-02
6.000000e+00,8.562266e-02,2.960667e-02,2.063023e-01,1.333738e-01,5.803428e-01,5.880360e-01,2.102391e-01,3.012843e-02,1.000000e+00,6.293166e-01,3.036284e-02
7.000000e+00,6.497010e-02,2.127863e-02,1.525649e-01,9.989535e-02,4.153850e-01,4.209788e-01,1.502081e-01,2.152562e-02,1.000000e+00,6.107559e-01,4.663467e-02
8.000000e+00,4.978354e-02,1.559742e-02,1.143549e-01,7.563479e-02,3.028369e-01,3.069632e-01,1.093640e-01,1.567243e-02,1.000000e+00,5.973960e-01,3.160214e-02
9.000000e+00,3.845335e-02,1.160722e-02,8.663596e-02,5.777622e-02,2.239262e-01,2.270046e-01,8.078718e-02,1.157720e-02,1.000000e+00,5.876681e-01,2.951908e-02
1.000000e+01,2.990225e-02,8.742122e-03,6.621409e-02,4.446496e-02,1.674520e-01,1.697696e-01,6.036801e-02,8.651023e-03,1.000000e+00,5.805193e-01,3.058124e-02
1.100000e+01,2.338741e-02,6.649064e-03,5.098129e-02,3.444086e-02,1.263899e-01,1.281483e-01,4.553930e-02,6.525992e-03,1.000000e+00,5.752259e-01,4.304695e-02
1.200000e+01,1.838454e-02,5.098713e-03,3.950317e-02,2.682681e-02,9.614338e-02,9.748638e-02,3.462652e-02,4.962135e-03,9.999997e-01,5.712811e-01,3.929925e-02
1.300000e+01,1.451665e-02,3.937256e-03,3.078012e-02,2.100039e-02,7.362614e-02,7.465783e-02,2.650821e-02,3.798743e-03,1.000000e+00,5.683250e-01,3.137422e-02
1.400000e+01,1.150865e-02,3.058813e-03,2.410199e-02,1.651309e-02,5.671494e-02,5.751161e-02,2.041444e-02,2.925476e-03,1.000001e+00,5.660991e-01,3.240752e-02
1.500000e+01,9.157208e-03,2.389037e-03,1.895665e-02,1.303738e-02,4.391618e-02,4.453426e-02,1.580451e-02,2.264852e-03,1.000000e+00,5.644156e-01,2.897263e-02
1.600000e+01,7.310500e-03,1.874778e-03,1.496985e-02,1.033147e-02,3.416562e-02,3.464720e-02,1.229365e-02,1.761730e-03,9.999996e-01,5.631375e-01,4.046106e-02
1.700000e+01,5.854121e-03,1.477501e-03,1.186506e-02,8.215148e-03,2.669399e-02,2.707071e-02,9.604054e-03,1.376300e-03,1.000000e+00,5.621637e-01,3.909230e-02
1.800000e+01,4.701206e-03,1.168921e-03,9.436109e-03,6.553014e-03,2.093811e-02,2.123388e-02,7.532501e-03,1.079437e-03,9.999996e-01,5.614193e-01,3.268576e-02
1.900000e+01,3.785340e-03,9.280705e-04,7.527975e-03,5.242566e-03,1.648247e-02,1.671548e-02,5.929164e-03,8.496725e-04,1.000000e+00,5.608486e-01,3.425884e-02
2.000000e+01,3.055445e-03,7.392522e-04,6.023249e-03,4.205730e-03,1.301822e-02,1.320237e-02,4.682722e-03,6.710522e-04,1.000002e+00,5.604099e-01,4.459929e-02
2.100000e+01,2.472026e-03,5.906297e-04,4.832468e-03,3.382678e-03,1.031404e-02,1.046000e-02,3.709851e-03,5.316360e-04,9.999996e-01,5.600719e-01,3.320193e-02
2.200000e+01,2.004387e-03,4.732210e-04,3.887063e-03,2.727314e-03,8.195470e-03,8.311501e-03,2.947724e-03,4.224201e-04,1.000002e+00,5.598107e-01,3.630304e-02
2.300000e+01,1.628574e-03,3.801519e-04,3.134171e-03,2.203969e-03,6.529939e-03,6.622419e-03,2.348606e-03,3.365642e-04,1.000006e+00,5.596085e-01,3.224349e-02
2.400000e+01,1.325824e-03,3.061357e-04,2.532857e-03,1.784937e-03,5.216194e-03,5.290087e-03,1.876054e-03,2.688457e-04,9.999977e-01,5.594517e-01,3.215122e-02
2.500000e+01,1.081362e-03,2.471128e-04,2.051354e-03,1.448560e-03,4.177042e-03,4.236227e-03,1.502288e-03,2.152835e-04,1.000009e+00,5.593297e-01,4.668307e-02
2.600000e+01,8.835432e-04,1.999019e-04,1.664788e-03,1.177888e-03,3.352511e-03,3.400021e-03,1.205726e-03,1.727850e-04,9.999902e-01,5.592348e-01,3.755045e-02
2.700000e+01,7.231349e-04,1.620497e-04,1.353710e-03,9.595921e-04,2.696670e-03,2.734891e-03,9.698431e-04,1.389821e-04,9.999790e-01,5.591607e-01,3.263736e-02
2.800000e+01,5.928025e-04,1.316297e-04,1.102814e-03,7.831519e-04,2.173708e-03,2.204520e-03,7.817558e-04,1.120285e-04,9.999982e-01,5.591028e-01,3.438497e-02
2.900000e+01,4.867087e-04,1.071219e-04,9.000168e-04,6.402447e-04,1.755623e-03,1.780511e-03,6.313906e-04,9.048063e-05,1.000012e+00,5.590575e-01,3.416896e-02
3.000000e+01,4.001981e-04,8.732730e-05,7.357485e-04,5.242793e-04,1.420533e-03,1.440672e-03,5.108763e-04,7.321047e-05,9.999764e-01,5.590220e-01,3.034711e-02
3.100000e+01,3.295335e-04,7.131513e-05,6.024500e-04,nan,1.151502e-03,1.167828e-03,4.141210e-04,5.934507e-05,9.999547e-01,5.589942e-01,3.645325e-02
3.200000e+01,2.717156e-04,5.833721e-05,4.940770e-04,nan,9.350757e-04,9.483339e-04,3.362851e-04,4.819091e-05,9.999693e-01,5.589723e-01,3.302574e-02
3.300000e+01,2.243370e-04,4.779413e-05,4.058039e-04,nan,7.605346e-04,7.713184e-04,2.735134e-04,3.919549e-05,9.999480e-01,5.589550e-01,3.230095e-02
3.400000e+01,1.854555e-04,3.921463e-05,3.337821e-04,nan,6.195220e-04,6.283067e-04,2.228001e-04,3.192808e-05,9.999031e-01,5.589414e-01,3.018165e-02
3.500000e+01,1.534998e-04,3.222345e-05,2.749265e-04,nan,5.054356e-04,5.126028e-04,1.817706e-04,2.604840e-05,9.999027e-01,5.589307e-01,4.030204e-02
3.600000e+01,1.272008e-04,2.651468e-05,2.267545e-04,nan,4.129364e-04,4.187921e-04,1.485048e-04,2.128128e-05,9.998546e-01,5.589222e-01,3.228259e-02
3.700000e+01,1.055297e-04,2.184525e-05,1.872633e-04,nan,3.377998e-04,3.425900e-04,1.214831e-04,1.740898e-05,9.997338e-01,5.589155e-01,3.056598e-02
3.800000e+01,8.764898e-05,1.802154e-05,1.548454e-04,nan,2.766997e-04,2.806236e-04,9.950960e-05,1.426009e-05,9.996077e-01,5.589102e-01,3.734970e-02
