iteration,distance,change,sweep_gradient,gradient_bound,nmae_pct_offset_-1000,nmae_pct_offset_0,nmae_pct_offset_1000,nmae_pct_offset_10000,alpha,flat_noise,seconds
1.000000e+00,4.808454e-01,6.676841e-01,6.372425e+00,3.543806e+00,1.577489e+01,1.596575e+01,5.727719e+00,8.208843e-01,1.000000e+00,4.548880e-01,4.856968e-02
2.000000e+00,3.386442e-01,1.838626e-01,3.824738e+00,2.493578e+00,4.605206e+00,4.669727e+00,1.642253e+00,2.353627e-01,1.000000e+00,3.052825e-01,5.033374e-02
3.000000e+00,2.660852e-01,9.056593e-02,2.740770e+00,1.914493e+00,2.378447e+00,2.414631e+00,8.405182e-01,1.204599e-01,1.000000e+00,2.345716e-01,5.167341e-02
4.000000e+00,2.191365e-01,5.874412e-02,2.127848e+00,1.516923e+00,1.532427e+00,1.557051e+00,5.384332e-01,7.716606e-02,1.000000e+00,1.911914e-01,4.697752e-02
5.000000e+00,1.861060e-01,4.193163e-02,1.702578e+00,1.222489e+00,1.077471e+00,1.095470e+00,3.770646e-01,5.403926e-02,1.000000e+00,1.616381e-01,3.233695e-02
6.000000e+00,1.618749e-01,3.129934e-02,1.385170e+00,9.979728e-01,7.950036e-01,8.086709e-01,2.773985e-01,3.975549e-02,1.000000e+00,1.403641e-01,3.703094e-02
7.000000e+00,1.435612e-01,2.405401e-02,1.141188e+00,8.239598e-01,6.070259e-01,6.176920e-01,2.113374e-01,3.028784e-02,1.000000e+00,1.244474e-01,3.439355e-02
8.000000e+00,1.293682e-01,1.890527e-02,9.502762e-01,6.872908e-01,4.761538e-01,4.846637e-01,1.654874e-01,2.371679e-02,1.000000e+00,1.121903e-01,3.325200e-02
9.000000e+00,1.181127e-01,1.514405e-02,7.987986e-01,5.787398e-01,3.818757e-01,3.887934e-01,1.325387e-01,1.899471e-02,1.000000e+00,1.025391e-01,4.376960e-02
1.000000e+01,1.089929e-01,1.233875e-02,6.772395e-01,4.917005e-01,3.121067e-01,3.178227e-01,1.082033e-01,1.550707e-02,1.000000e+00,9.480956e-02,4.086757e-02
1.100000e+01,1.014541e-01,1.020999e-02,5.788114e-01,4.213136e-01,2.592995e-01,2.640911e-01,8.981353e-02,1.287152e-02,1.000000e+00,8.853724e-02,3.441262e-02
1.200000e+01,9.510505e-02,8.570572e-03,4.985107e-01,3.639506e-01,2.185646e-01,2.226336e-01,7.564656e-02,1.084118e-02,1.000000e+00,8.339552e-02,3.274488e-02
1.300000e+01,8.966694e-02,7.290422e-03,4.325479e-01,3.168652e-01,1.866096e-01,1.901055e-01,6.454528e-02,9.250191e-03,1.000000e+00,7.914791e-02,3.543353e-02
1.400000e+01,8.493768e-02,6.277840e-03,3.780202e-01,2.779594e-01,1.611826e-01,1.642182e-01,5.572005e-02,7.985402e-03,1.000000e+00,7.561860e-02,3.400350e-02
1.500000e+01,8.076871e-02,5.467582e-03,3.326881e-01,2.456076e-01,1.406794e-01,1.433409e-01,4.860935e-02,6.966333e-03,1.000000e+00,7.267391e-02,4.009867e-02
1.600000e+01,7.704941e-02,4.811885e-03,2.947891e-01,2.185412e-01,1.239424e-01,1.262963e-01,4.280875e-02,6.135021e-03,1.000000e+00,7.021033e-02,3.049970e-02
1.700000e+01,7.369628e-02,4.275547e-03,2.629301e-01,1.957629e-01,1.101277e-01,1.122262e-01,3.802375e-02,5.449261e-03,1.000000e+00,6.814643e-02,3.153706e-02
1.800000e+01,7.064559e-02,3.832397e-03,2.360029e-01,1.764834e-01,9.860562e-02,1.004899e-01,3.403487e-02,4.877598e-03,1.000000e+00,6.641724e-02,4.839683e-02
1.900000e+01,6.784796e-02,3.462824e-03,2.131241e-01,1.600729e-01,8.890118e-02,9.060422e-02,3.067679e-02,4.396339e-03,1.000000e+00,6.497026e-02,4.554200e-02
2.000000e+01,6.526473e-02,3.151787e-03,1.935829e-01,1.460243e-01,8.065498e-02,8.220340e-02,2.782447e-02,3.987562e-03,1.000000e+00,6.376255e-02,3.253341e-02
2.100000e+01,6.286528e-02,2.887631e-03,1.768020e-01,1.339290e-01,7.358938e-02,7.500486e-02,2.538140e-02,3.637437e-03,1.000000e+00,6.275877e-02,4.674935e-02
2.200000e+01,6.062511e-02,2.661328e-03,1.623140e-01,1.234558e-01,6.749095e-02,6.879131e-02,2.327343e-02,3.335336e-03,1.000000e+00,6.192949e-02,3.371072e-02
2.300000e+01,5.852436e-02,2.465844e-03,1.497384e-01,1.143355e-01,6.218687e-02,6.338681e-02,2.144057e-02,3.072663e-03,1.000000e+00,6.125009e-02,3.665709e-02
2.400000e+01,5.654677e-02,2.295628e-03,1.387637e-01,1.063481e-01,5.754409e-02,5.865590e-02,1.983666e-02,2.842802e-03,9.999999e-01,6.069978e-02,3.547812e-02
2.500000e+01,5.467890e-02,2.146265e-03,1.291346e-01,9.931362e-02,5.345442e-02,5.448841e-02,1.842416e-02,2.640373e-03,9.999999e-01,6.026094e-02,3.868198e-02
2.600000e+01,5.290954e-02,2.014234e-03,1.206413e-01,9.308418e-02,4.983039e-02,5.079527e-02,1.717278e-02,2.461034e-03,9.999999e-01,5.991852e-02,4.437518e-02
2.700000e+01,5.122923e-02,1.896698e-03,1.131103e-01,8.753784e-02,4.660203e-02,4.750522e-02,1.605824e-02,2.301308e-03,1.000000e+00,5.965964e-02,4.769397e-02
2.800000e+01,4.962994e-02,1.791386e-03,1.063984e-01,8.257369e-02,4.371090e-02,4.455875e-02,1.506033e-02,2.158294e-03,1.000000e+00,5.947324e-02,3.058314e-02
2.900000e+01,4.810478e-02,1.696442e-03,1.003863e-01,7.810802e-02,4.110969e-02,4.190766e-02,1.416263e-02,2.029644e-03,1.000000e+00,5.934977e-02,6.404328e-02
3.000000e+01,4.664779e-02,1.610361e-03,9.497481e-02,7.407114e-02,3.875879e-02,3.951162e-02,1.335146e-02,1.913393e-03,9.999999e-01,5.928094e-02,3.657126e-02
3.100000e+01,4.525378e-02,1.531899e-03,9.008101e-02,nan,3.662523e-02,3.733704e-02,1.261539e-02,1.807906e-03,1.000000e+00,5.925958e-02,4.087377e-02
3.200000e+01,4.391819e-02,1.460033e-03,8.563532e-02,nan,3.468126e-02,3.535564e-02,1.194483e-02,1.711807e-03,1.000000e+00,5.927945e-02,3.499365e-02
3.300000e+01,4.263701e-02,1.393909e-03,8.157905e-02,nan,3.290379e-02,3.354391e-02,1.133178e-02,1.623950e-03,1.000000e+00,5.933508e-02,3.107929e-02
3.400000e+01,4.140666e-02,1.332818e-03,7.786281e-02,nan,3.127288e-02,3.188152e-02,1.076935e-02,1.543348e-03,1.000000e+00,5.942172e-02,4.341269e-02
3.500000e+01,4.022394e-02,1.276160e-03,7.444460e-02,nan,2.977110e-02,3.035074e-02,1.025152e-02,1.469136e-03,1.000000e+00,5.953519e-02,3.157282e-02
3.600000e+01,3.908599e-02,1.223431e-03,7.128880e-02,nan,2.838382e-02,2.893663e-02,9.773215e-03,1.400591e-03,1.000000e+00,5.967184e-02,3.142738e-02
3.700000e+01,3.799020e-02,1.174204e-03,6.836503e-02,nan,2.709871e-02,2.762666e-02,9.330188e-03,1.337100e-03,1.000000e+00,5.982844e-02,3.324652e-02
3.800000e+01,3.693421e-02,1.128110e-03,6.564723e-02,nan,2.590496e-02,2.640978e-02,8.918696e-03,1.278129e-03,9.999999e-01,6.000216e-02,2.986550e-02
3.900000e+01,3.591589e-02,1.084835e-03,6.311301e-02,nan,2.479354e-02,2.527681e-02,8.535617e-03,1.223230e-03,1.000000e+00,6.019053e-02,3.257704e-02
4.000000e+01,3.493326e-02,1.044109e-03,6.074308e-02,4.803042e-02,2.375601e-02,2.421916e-02,8.178041e-03,1.171986e-03,1.000000e+00,6.039133e-02,3.445697e-02
4.100000e+01,3.398453e-02,1.005694e-03,5.852074e-02,nan,2.278532e-02,2.322963e-02,7.843529e-03,1.124047e-03,9.999999e-01,6.060263e-02,3.206205e-02
4.200000e+01,3.306801e-02,9.693890e-04,5.643151e-02,nan,2.187529e-02,2.230194e-02,7.529949e-03,1.079108e-03,1.000000e+00,6.082272e-02,3.536677e-02
4.300000e+01,3.218217e-02,9.350117e-04,5.446274e-02,nan,2.102038e-02,2.143041e-02,7.235381e-03,1.036894e-03,1.000000e+00,6.105008e-02,3.300023e-02
4.400000e+01,3.132559e-02,9.024044e-04,5.260340e-02,nan,2.021577e-02,2.061015e-02,6.958165e-03,9.971661e-04,1.000000e+00,6.128338e-02,4.215670e-02
4.500000e+01,3.049693e-02,8.714280e-04,5.084379e-02,nan,1.945716e-02,1.983678e-02,6.696816e-03,9.597123e-04,1.000000e+00,6.152143e-02,4.032326e-02
4.600000e+01,2.969495e-02,8.419581e-04,4.917539e-02,nan,1.874080e-02,1.910649e-02,6.450042e-03,9.243474e-04,1.000000e+00,6.176319e-02,3.528738e-02
4.700000e+01,2.891850e-02,8.138832e-04,4.759062e-02,nan,1.806330e-02,1.841580e-02,6.216665e-03,8.909024e-04,1.000000e+00,6.200772e-02,3.295207e-02
4.800000e+01,2.816648e-02,7.871053e-04,4.608283e-02,nan,1.742170e-02,1.776170e-02,5.995668e-03,8.592315e-04,1.000000e+00,6.225421e-02,3.450966e-02
4.900000e+01,2.743789e-02,7.615344e-04,4.464606e-02,nan,1.681323e-02,1.714137e-02,5.786096e-03,8.291981e-04,9.999999e-01,6.250193e-02,4.047251e-02
5.000000e+01,2.673175e-02,7.370909e-04,4.327500e-02,3.433495e-02,1.623545e-02,1.655233e-02,5.587104e-03,8.006808e-04,1.000000e+00,6.275025e-02,3.238511e-02
5.100000e+01,2.604717e-02,7.137023e-04,4.196494e-02,nan,1.568616e-02,1.599233e-02,5.397935e-03,7.735712e-04,1.000000e+00,6.299860e-02,3.307128e-02
5.200000e+01,2.538330e-02,6.913033e-04,4.071163e-02,nan,1.516331e-02,1.545928e-02,5.217880e-03,7.477677e-04,1.000000e+00,6.324647e-02,3.527999e-02
5.300000e+01,2.473933e-02,6.698330e-04,3.951120e-02,nan,1.466511e-02,1.495136e-02,5.046322e-03,7.231821e-04,1.000000e+00,6.349343e-02,3.813195e-02
5.400000e+01,2.411451e-02,6.492366e-04,3.836021e-02,nan,1.418991e-02,1.446689e-02,4.882693e-03,6.997327e-04,1.000000e+00,6.373910e-02,3.601885e-02
5.500000e+01,2.350810e-02,6.294646e-04,3.725553e-02,nan,1.373621e-02,1.400434e-02,4.726473e-03,6.773450e-04,1.000000e+00,6.398313e-02,3.275871e-02
5.600000e+01,2.291942e-02,6.104705e-04,3.619429e-02,nan,1.330260e-02,1.356227e-02,4.577178e-03,6.559499e-04,1.000000e+00,6.422522e-02,3.077793e-02
5.700000e+01,2.234783e-02,5.922119e-04,3.517392e-02,nan,1.288785e-02,1.313941e-02,4.434379e-03,6.354856e-04,1.000000e+00,6.446512e-02,3.046870e-02
5.800000e+01,2.179270e-02,5.746497e-04,3.419202e-02,nan,1.249077e-02,1.273458e-02,4.297670e-03,6.158941e-04,1.000000e+00,6.470261e-02,3.161168e-02
5.900000e+01,2.125344e-02,5.577467e-04,3.324643e-02,nan,1.211030e-02,1.234668e-02,4.166686e-03,5.971231e-04,9.999999e-01,6.493748e-02,3.396440e-02
6.000000e+01,2.072951e-02,5.414704e-04,3.233517e-02,2.564033e-02,1.174553e-02,1.197479e-02,4.041113e-03,5.791274e-04,9.999999e-01,6.516957e-02,3.029251e-02
6.100000e+01,2.022035e-02,5.257888e-04,3.145639e-02,nan,1.139554e-02,1.161796e-02,3.920630e-03,5.618613e-04,1.000000e+00,6.539873e-02,2.937865e-02
6.200000e+01,1.972547e-02,5.106733e-04,3.060843e-02,nan,1.105949e-02,1.127534e-02,3.804949e-03,5.452834e-04,1.000000e+00,6.562485e-02,3.104401e-02
6.300000e+01,1.924437e-02,4.960962e-04,2.978971e-02,nan,1.073663e-02,1.094617e-02,3.693811e-03,5.293564e-04,1.000000e+00,6.584781e-02,2.961898e-02
6.400000e+01,1.877659e-02,4.820323e-04,2.899879e-02,nan,1.042621e-02,1.062968e-02,3.586959e-03,5.140437e-04,9.999999e-01,6.606754e-02,3.026772e-02
6.500000e+01,1.832168e-02,4.684581e-04,2.823433e-02,nan,1.012759e-02,1.032523e-02,3.484174e-03,4.993137e-04,9.999999e-01,6.628396e-02,3.775597e-02
6.600000e+01,1.787921e-02,4.553510e-04,2.749506e-02,nan,9.840137e-03,1.003216e-02,3.385234e-03,4.851349e-04,1.000000e+00,6.649702e-02,3.354478e-02
6.700000e+01,1.744879e-02,4.426900e-04,2.677984e-02,nan,9.563273e-03,9.749880e-03,3.289942e-03,4.714788e-04,1.000000e+00,6.670667e-02,2.967501e-02
6.800000e+01,1.703001e-02,4.304557e-04,2.608758e-02,nan,9.296467e-03,9.477858e-03,3.198113e-03,4.583190e-04,9.999999e-01,6.691289e-02,4.128647e-02
6.900000e+01,1.662251e-02,4.186297e-04,2.541727e-02,nan,9.039233e-03,9.215596e-03,3.109582e-03,4.456318e-04,9.999998e-01,6.711564e-02,3.607845e-02
7.000000e+01,1.622591e-02,4.071943e-04,2.476795e-02,1.960117e-02,8.791111e-03,8.962624e-03,3.024188e-03,4.333942e-04,9.999998e-01,6.731491e-02,3.817225e-02
7.100000e+01,1.583989e-02,3.961330e-04,2.413874e-02,nan,8.551647e-03,8.718478e-03,2.941776e-03,4.215840e-04,9.999999e-01,6.751071e-02,3.322673e-02
7.200000e+01,1.546409e-02,3.854306e-04,2.352878e-02,nan,8.320454e-03,8.482765e-03,2.862213e-03,4.101819e-04,9.999997e-01,6.770303e-02,3.002071e-02
7.300000e+01,1.509822e-02,3.750722e-04,2.293731e-02,nan,8.097129e-03,8.255073e-03,2.785358e-03,3.991681e-04,9.999999e-01,6.789187e-02,3.313351e-02
7.400000e+01,1.474195e-02,3.650438e-04,2.236357e-02,nan,7.881325e-03,8.035051e-03,2.711094e-03,3.885254e-04,1.000000e+00,6.807726e-02,3.455901e-02
7.500000e+01,1.439500e-02,3.553320e-04,2.180686e-02,nan,7.672704e-03,7.822351e-03,2.639303e-03,3.782372e-04,9.999996e-01,6.825921e-02,4.313302e-02
7.600000e+01,1.405707e-02,3.459253e-04,2.126653e-02,nan,7.470963e-03,7.616666e-03,2.569881e-03,3.682885e-04,1.000000e+00,6.843774e-02,3.872728e-02
7.700000e+01,1.372791e-02,3.368107e-04,2.074195e-02,nan,7.275792e-03,7.417679e-03,2.502721e-03,3.586639e-04,1.000000e+00,6.861288e-02,3.842735e-02
7.800000e+01,1.340723e-02,3.279772e-04,2.023252e-02,nan,7.086900e-03,7.225095e-03,2.437723e-03,3.493492e-04,9.999999e-01,6.878466e-02,3.417420e-02
7.900000e+01,1.309480e-02,3.194146e-04,1.973768e-02,nan,6.904026e-03,7.038646e-03,2.374797e-03,3.403314e-04,9.999997e-01,6.895311e-02,2.961063e-02
8.000000e+01,1.279037e-02,3.111123e-04,1.925690e-02,1.520369e-02,6.726918e-03,6.858075e-03,2.313855e-03,3.315980e-04,1.000000e+00,6.911828e-02,3.065157e-02
8.100000e+01,1.249369e-02,3.030605e-04,1.878966e-02,nan,6.555328e-03,6.683131e-03,2.254814e-03,3.231369e-04,1.000000e+00,6.928019e-02,4.536629e-02
8.200000e+01,1.220456e-02,2.952502e-04,1.833550e-02,nan,6.389041e-03,6.513593e-03,2.197598e-03,3.149375e-04,9.999999e-01,6.943888e-02,3.526831e-02
8.300000e+01,1.192273e-02,2.876724e-04,1.789395e-02,nan,6.227847e-03,6.349249e-03,2.142136e-03,3.069893e-04,9.999999e-01,6.959441e-02,3.192306e-02
8.400000e+01,1.164801e-02,2.803188e-04,1.746457e-02,nan,6.071541e-03,6.189887e-03,2.088356e-03,2.992822e-04,1.000000e+00,6.974681e-02,3.376842e-02
8.500000e+01,1.138019e-02,2.731815e-04,1.704696e-02,nan,5.919938e-03,6.035321e-03,2.036195e-03,2.918071e-04,1.000000e+00,6.989613e-02,3.401923e-02
8.600000e+01,1.111907e-02,2.662526e-04,1.664069e-02,nan,5.772852e-03,5.885360e-03,1.985589e-03,2.845548e-04,9.999999e-01,7.004241e-02,3.661823e-02
8.700000e+01,1.086447e-02,2.595246e-04,1.624541e-02,nan,5.630102e-03,5.739821e-03,1.936475e-03,2.775165e-04,9.999996e-01,7.018569e-02,3.371572e-02
8.800000e+01,1.061619e-02,2.529913e-04,1.586075e-02,nan,5.491543e-03,5.598554e-03,1.888804e-03,2.706848e-04,9.999999e-01,7.032604e-02,3.012109e-02
8.900000e+01,1.037406e-02,2.466453e-04,1.548635e-02,nan,5.357011e-03,5.461393e-03,1.842519e-03,2.640518e-04,1.000000e+00,7.046349e-02,3.513670e-02
9.000000e+01,1.013791e-02,2.404799e-04,1.512189e-02,1.191066e-02,5.226351e-03,5.328180e-03,1.797567e-03,2.576098e-04,9.999996e-01,7.059808e-02,3.432536e-02
9.100000e+01,9.907578e-03,2.344896e-04,1.476704e-02,nan,5.099435e-03,5.198783e-03,1.753903e-03,2.513525e-04,1.000000e+00,7.072988e-02,3.084421e-02
9.200000e+01,9.682894e-03,2.286685e-04,1.442152e-02,nan,4.976116e-03,5.073055e-03,1.711478e-03,2.452726e-04,9.999999e-01,7.085893e-02,3.092527e-02
9.300000e+01,9.463705e-03,2.230104e-04,1.408500e-02,nan,4.856275e-03,4.950872e-03,1.670249e-03,2.393642e-04,9.999999e-01,7.098527e-02,3.202200e-02
9.400000e+01,9.249863e-03,2.175101e-04,1.375723e-02,nan,4.739786e-03,4.832108e-03,1.630175e-03,2.336211e-04,9.999995e-01,7.110895e-02,3.284693e-02
9.500000e+01,9.041220e-03,2.121629e-04,1.343793e-02,nan,4.626538e-03,4.716648e-03,1.591215e-03,2.280379e-04,9.999998e-01,7.123003e-02,3.509736e-02
9.600000e+01,8.837636e-03,2.069632e-04,1.312684e-02,nan,4.516415e-03,4.604374e-03,1.553332e-03,2.226088e-04,9.999993e-01,7.134855e-02,3.385401e-02
9.700000e+01,8.638974e-03,2.019065e-04,1.282371e-02,nan,4.409313e-03,4.495180e-03,1.516487e-03,2.173288e-04,1.000000e+00,7.146455e-02,2.935576e-02
9.800000e+01,8.445102e-03,1.969880e-04,1.252830e-02,nan,4.305131e-03,4.388963e-03,1.480648e-03,2.121926e-04,9.999998e-01,7.157809e-02,3.066778e-02
9.900000e+01,8.255891e-03,1.922034e-04,1.224038e-02,nan,4.203770e-03,4.285623e-03,1.445779e-03,2.071957e-04,9.999993e-01,7.168922e-02,3.372002e-02
1.000000e+02,8.071218e-03,1.875486e-04,1.195973e-02,9.398979e-03,4.105146e-03,4.185072e-03,1.411852e-03,2.023337e-04,1.000000e+00,7.179797e-02,3.914952e-02
1.010000e+02,7.890963e-03,1.830189e-04,1.168613e-02,nan,4.009150e-03,4.087203e-03,1.378830e-03,1.976013e-04,9.999991e-01,7.190439e-02,3.468060e-02
1.020000e+02,7.715007e-03,1.786113e-04,1.141939e-02,nan,3.915721e-03,3.991949e-03,1.346691e-03,1.929955e-04,1.000000e+00,7.200854e-02,3.263640e-02
1.030000e+02,7.543239e-03,1.743214e-04,1.115930e-02,nan,3.824753e-03,3.899206e-03,1.315399e-03,1.885111e-04,9.999994e-01,7.211045e-02,3.060985e-02
1.040000e+02,7.375548e-03,1.701456e-04,1.090567e-02,nan,3.736184e-03,3.808907e-03,1.284932e-03,1.841449e-04,9.999997e-01,7.221017e-02,3.017306e-02
1.050000e+02,7.211827e-03,1.660809e-04,1.065832e-02,nan,3.649934e-03,3.720974e-03,1.255264e-03,1.798932e-04,9.999998e-01,7.230774e-02,3.478289e-02
1.060000e+02,7.051975e-03,1.621228e-04,1.041705e-02,nan,3.565929e-03,3.635329e-03,1.226367e-03,1.757520e-04,9.999994e-01,7.240321e-02,3.535485e-02
1.070000e+02,6.895890e-03,1.582691e-04,1.018172e-02,nan,3.484103e-03,3.551906e-03,1.198221e-03,1.717184e-04,9.999992e-01,7.249662e-02,3.371716e-02
1.080000e+02,6.743475e-03,1.545164e-04,9.952147e-03,nan,3.404383e-03,3.470630e-03,1.170799e-03,1.677886e-04,9.999996e-01,7.258801e-02,3.377128e-02
1.090000e+02,6.594636e-03,1.508618e-04,9.728184e-03,nan,3.326708e-03,3.391440e-03,1.144081e-03,1.639597e-04,9.999988e-01,7.267743e-02,3.469563e-02
1.100000e+02,6.449282e-03,1.473014e-04,9.509649e-03,7.458278e-03,3.251012e-03,3.314267e-03,1.118044e-03,1.602283e-04,9.999990e-01,7.276491e-02,3.200293e-02
1.110000e+02,6.307322e-03,1.438340e-04,9.296423e-03,nan,3.177242e-03,3.239057e-03,1.092670e-03,1.565919e-04,9.999992e-01,7.285049e-02,3.557420e-02
1.120000e+02,6.168671e-03,1.404553e-04,9.088335e-03,nan,3.105333e-03,3.165745e-03,1.067935e-03,1.530473e-04,9.999989e-01,7.293421e-02,4.024243e-02
1.130000e+02,6.033245e-03,1.371638e-04,8.885258e-03,nan,3.035234e-03,3.094279e-03,1.043824e-03,1.495919e-04,9.999992e-01,7.301612e-02,3.712988e-02
1.140000e+02,5.900962e-03,1.339566e-04,8.687064e-03,nan,2.966893e-03,3.024605e-03,1.020317e-03,1.462232e-04,9.999995e-01,7.309625e-02,3.414345e-02
1.150000e+02,5.771743e-03,1.308310e-04,8.493603e-03,nan,2.900250e-03,2.956662e-03,9.973951e-04,1.429382e-04,9.999991e-01,7.317463e-02,4.624796e-02
1.160000e+02,5.645512e-03,1.277849e-04,8.304767e-03,nan,2.835266e-03,2.890411e-03,9.750435e-04,1.397350e-04,9.999991e-01,7.325131e-02,5.175233e-02
1.170000e+02,5.522193e-03,1.248161e-04,8.120417e-03,nan,2.771888e-03,2.825796e-03,9.532442e-04,1.366109e-04,9.999993e-01,7.332632e-02,4.127502e-02
1.180000e+02,5.401713e-03,1.219224e-04,7.940451e-03,nan,2.710071e-03,2.762774e-03,9.319823e-04,1.335639e-04,9.999995e-01,7.339970e-02,3.581929e-02
1.190000e+02,5.284003e-03,1.191015e-04,7.764736e-03,nan,2.649769e-03,2.701296e-03,9.112413e-04,1.305915e-04,9.999998e-01,7.347148e-02,3.333998e-02
1.200000e+02,5.168992e-03,1.163511e-04,7.593166e-03,5.944311e-03,2.590938e-03,2.641318e-03,8.910068e-04,1.276917e-04,1.000000e+00,7.354169e-02,3.881979e-02
1.210000e+02,5.056616e-03,1.136697e-04,7.425639e-03,nan,2.533534e-03,2.582795e-03,8.712629e-04,1.248622e-04,9.999983e-01,7.361037e-02,4.691815e-02
1.220000e+02,4.946807e-03,1.110552e-04,7.262047e-03,nan,2.477529e-03,2.525698e-03,8.520004e-04,1.221017e-04,9.999994e-01,7.367755e-02,5.415940e-02
1.230000e+02,4.839505e-03,1.085053e-04,7.102277e-03,nan,2.422870e-03,2.469974e-03,8.332009e-04,1.194076e-04,9.999985e-01,7.374327e-02,3.751802e-02
1.240000e+02,4.734646e-03,1.060190e-04,6.946248e-03,nan,2.369530e-03,2.415594e-03,8.148554e-04,1.167785e-04,9.999989e-01,7.380755e-02,3.394723e-02
1.250000e+02,4.632171e-03,1.035941e-04,6.793856e-03,nan,2.317469e-03,2.362518e-03,7.969496e-04,1.142124e-04,9.999983e-01,7.387043e-02,4.468679e-02
1.260000e+02,4.532023e-03,1.012289e-04,6.645006e-03,nan,2.266651e-03,2.310710e-03,7.794716e-04,1.117076e-04,9.999986e-01,7.393194e-02,4.150867e-02
1.270000e+02,4.434144e-03,9.892179e-05,6.499605e-03,nan,2.217042e-03,2.260135e-03,7.624095e-04,1.092624e-04,9.999983e-01,7.399210e-02,3.611755e-02
1.280000e+02,4.338479e-03,9.667109e-05,6.357572e-03,nan,2.168614e-03,2.210763e-03,7.457536e-04,1.068755e-04,9.999992e-01,7.405095e-02,3.690314e-02
1.290000e+02,4.244975e-03,9.447562e-05,6.218825e-03,nan,2.121327e-03,2.162554e-03,7.294901e-04,1.045448e-04,9.999983e-01,7.410851e-02,3.817129e-02
1.300000e+02,4.153579e-03,9.233369e-05,6.083273e-03,4.754513e-03,2.075160e-03,2.115488e-03,7.136120e-04,1.022693e-04,9.999987e-01,7.416481e-02,3.746653e-02
1.310000e+02,4.064242e-03,9.024331e-05,5.950832e-03,nan,2.030070e-03,2.069520e-03,6.981046e-04,1.000469e-04,9.999974e-01,7.421989e-02,3.016472e-02
1.320000e+02,3.976913e-03,8.820392e-05,5.821437e-03,nan,1.986036e-03,2.024628e-03,6.829601e-04,9.787652e-05,9.999967e-01,7.427376e-02,3.021598e-02
1.330000e+02,3.891544e-03,8.621400e-05,5.695007e-03,nan,1.943039e-03,1.980794e-03,6.681726e-04,9.575732e-05,9.999989e-01,7.432645e-02,4.035854e-02
1.340000e+02,3.808089e-03,8.427182e-05,5.571465e-03,nan,1.901034e-03,1.937971e-03,6.537263e-04,9.368700e-05,9.999977e-01,7.437799e-02,3.804255e-02
1.350000e+02,3.726501e-03,8.237669e-05,5.450746e-03,nan,1.860009e-03,1.896147e-03,6.396170e-04,9.166499e-05,9.999980e-01,7.442841e-02,3.561163e-02
1.360000e+02,3.646737e-03,8.052674e-05,5.332772e-03,nan,1.819931e-03,1.855289e-03,6.258334e-04,8.968966e-05,9.999976e-01,7.447772e-02,3.461599e-02
1.370000e+02,3.568752e-03,7.872138e-05,5.217482e-03,nan,1.780781e-03,1.815376e-03,6.123690e-04,8.776007e-05,9.999986e-01,7.452596e-02,3.177834e-02
1.380000e+02,3.492505e-03,7.695881e-05,5.104805e-03,nan,1.742531e-03,1.776381e-03,5.992143e-04,8.587486e-05,9.999993e-01,7.457314e-02,3.084230e-02
1.390000e+02,3.417956e-03,7.523817e-05,4.994679e-03,nan,1.705155e-03,1.738277e-03,5.863602e-04,8.403272e-05,9.999976e-01,7.461929e-02,3.263855e-02
1.400000e+02,3.345063e-03,7.355867e-05,4.887047e-03,3.814035e-03,1.668640e-03,1.701052e-03,5.738023e-04,8.223304e-05,9.999990e-01,7.466444e-02,3.198695e-02
1.410000e+02,3.273788e-03,7.191896e-05,4.781843e-03,nan,1.632954e-03,1.664671e-03,5.615297e-04,8.047424e-05,9.999973e-01,7.470859e-02,3.077626e-02
1.420000e+02,3.204092e-03,7.031813e-05,4.679007e-03,nan,1.598087e-03,1.629125e-03,5.495385e-04,7.875577e-05,9.999987e-01,7.475179e-02,3.444815e-02
1.430000e+02,3.135939e-03,6.875493e-05,4.578487e-03,nan,1.564010e-03,1.594385e-03,5.378191e-04,7.707625e-05,9.999985e-01,7.479404e-02,3.324986e-02
1.440000e+02,3.069293e-03,6.722840e-05,4.480218e-03,nan,1.530702e-03,1.560429e-03,5.263643e-04,7.543466e-05,9.999968e-01,7.483537e-02,3.239369e-02
1.450000e+02,3.004119e-03,6.573823e-05,4.384163e-03,nan,1.498153e-03,1.527247e-03,5.151707e-04,7.383049e-05,9.999968e-01,7.487580e-02,3.395987e-02
1.460000e+02,2.940381e-03,6.428285e-05,4.290248e-03,nan,1.466335e-03,1.494809e-03,5.042282e-04,7.226230e-05,9.999960e-01,7.491534e-02,3.534150e-02
1.470000e+02,2.878047e-03,6.286147e-05,4.198440e-03,nan,1.435239e-03,1.463108e-03,4.935343e-04,7.072975e-05,9.999975e-01,7.495402e-02,3.461528e-02
1.480000e+02,2.817085e-03,6.147330e-05,4.108676e-03,nan,1.404836e-03,1.432114e-03,4.830787e-04,6.923135e-05,9.999967e-01,7.499186e-02,3.324461e-02
1.490000e+02,2.757461e-03,6.011772e-05,4.020916e-03,nan,1.375119e-03,1.401818e-03,4.728590e-04,6.776674e-05,9.999971e-01,7.502887e-02,2.988219e-02
1.500000e+02,2.699146e-03,5.879327e-05,3.935104e-03,3.067151e-03,1.346061e-03,1.372196e-03,4.628661e-04,6.633465e-05,9.999961e-01,7.506508e-02,3.455973e-02
1.510000e+02,2.642110e-03,5.749991e-05,3.851202e-03,nan,1.317655e-03,1.343237e-03,4.530972e-04,6.493465e-05,9.999952e-01,7.510050e-02,3.060126e-02
1.520000e+02,2.586322e-03,5.623675e-05,3.769168e-03,nan,1.289885e-03,1.314927e-03,4.435474e-04,6.356606e-05,9.999977e-01,7.513514e-02,3.382158e-02
1.530000e+02,2.531754e-03,5.500260e-05,3.688943e-03,nan,1.262728e-03,1.287241e-03,4.342081e-04,6.222763e-05,9.999959e-01,7.516903e-02,3.366232e-02
1.540000e+02,2.478378e-03,5.379670e-05,3.610493e-03,nan,1.236170e-03,1.260167e-03,4.250749e-04,6.091874e-05,9.999924e-01,7.520219e-02,3.811836e-02
1.550000e+02,2.426166e-03,5.261892e-05,3.533779e-03,nan,1.210209e-03,1.233701e-03,4.161471e-04,5.963928e-05,9.999956e-01,7.523462e-02,3.407192e-02
1.560000e+02,2.375093e-03,5.146819e-05,3.458756e-03,nan,1.184815e-03,1.207813e-03,4.074143e-04,5.838776e-05,9.999930e-01,7.526634e-02,3.450537e-02
1.570000e+02,2.325131e-03,5.034403e-05,3.385392e-03,nan,1.159986e-03,1.182502e-03,3.988760e-04,5.716413e-05,9.999959e-01,7.529738e-02,3.120732e-02
1.580000e+02,2.276256e-03,4.924553e-05,3.313639e-03,nan,1.135701e-03,1.157744e-03,3.905246e-04,5.596727e-05,9.999947e-01,7.532774e-02,3.313398e-02
1.590000e+02,2.228443e-03,4.817214e-05,3.243462e-03,nan,1.111947e-03,1.133528e-03,3.823559e-04,5.479660e-05,9.999936e-01,7.535744e-02,3.125787e-02
1.600000e+02,2.181668e-03,4.712318e-05,3.174824e-03,2.471736e-03,1.088716e-03,1.109846e-03,3.743670e-04,5.365170e-05,9.999924e-01,7.538650e-02,2.935696e-02
1.610000e+02,2.135907e-03,4.609835e-05,3.107697e-03,nan,1.065991e-03,1.086679e-03,3.665523e-04,5.253176e-05,9.999905e-01,7.541492e-02,3.178048e-02
1.620000e+02,2.091137e-03,4.509708e-05,3.042040e-03,nan,1.043768e-03,1.064024e-03,3.589101e-04,5.143654e-05,9.999921e-01,7.544273e-02,3.140736e-02
1.630000e+02,2.047336e-03,4.411825e-05,2.977819e-03,nan,1.022028e-03,1.041861e-03,3.514339e-04,5.036512e-05,9.999924e-01,7.546993e-02,3.156543e-02
1.640000e+02,2.004482e-03,4.316180e-05,2.914997e-03,nan,1.000760e-03,1.020180e-03,3.441202e-04,4.931698e-05,9.999918e-01,7.549654e-02,3.004718e-02
1.650000e+02,1.962552e-03,4.222721e-05,2.853553e-03,nan,9.799563e-04,9.989718e-04,3.369662e-04,4.829172e-05,9.999915e-01,7.552258e-02,3.417635e-02
1.660000e+02,1.921528e-03,4.131334e-05,2.793441e-03,nan,9.596018e-04,9.782217e-04,3.299667e-04,4.728860e-05,9.999917e-01,7.554805e-02,3.690267e-02
1.670000e+02,1.881388e-03,4.042034e-05,2.734641e-03,nan,9.396918e-04,9.579247e-04,3.231200e-04,4.630739e-05,9.999920e-01,7.557296e-02,3.211498e-02
1.680000e+02,1.842112e-03,3.954766e-05,2.677119e-03,nan,9.202093e-04,9.380636e-04,3.164204e-04,4.534725e-05,9.999922e-01,7.559734e-02,3.626537e-02
1.690000e+02,1.803682e-03,3.869454e-05,2.620851e-03,nan,9.011509e-04,9.186349e-04,3.098666e-04,4.440801e-05,9.999915e-01,7.562119e-02,3.044963e-02
1.700000e+02,1.766077e-03,3.786082e-05,2.565806e-03,1.995556e-03,8.825020e-04,8.996236e-04,3.034536e-04,4.348896e-05,9.999917e-01,7.564452e-02,3.516150e-02
1.710000e+02,1.729279e-03,3.704575e-05,2.511953e-03,nan,8.642564e-04,8.810235e-04,2.971794e-04,4.258978e-05,9.999902e-01,7.566735e-02,3.925300e-02
1.720000e+02,1.693271e-03,3.624891e-05,2.459264e-03,nan,8.463988e-04,8.628190e-04,2.910386e-04,4.170973e-05,9.999881e-01,7.568969e-02,3.186893e-02
1.730000e+02,1.658035e-03,3.546974e-05,2.407715e-03,nan,8.289310e-04,8.450118e-04,2.850318e-04,4.084889e-05,9.999900e-01,7.571154e-02,4.489303e-02
1.740000e+02,1.623554e-03,3.470841e-05,2.357283e-03,nan,8.118351e-04,8.275838e-04,2.791530e-04,4.000638e-05,9.999905e-01,7.573291e-02,3.487921e-02
1.750000e+02,1.589810e-03,3.396378e-05,2.307934e-03,nan,7.951016e-04,8.105252e-04,2.733987e-04,3.918172e-05,9.999872e-01,7.575383e-02,4.199028e-02
1.760000e+02,1.556788e-03,3.323591e-05,2.259659e-03,nan,7.787307e-04,7.938363e-04,2.677692e-04,3.837494e-05,9.999865e-01,7.577429e-02,3.099322e-02
1.770000e+02,1.524471e-03,3.252427e-05,2.212420e-03,nan,7.627097e-04,7.775041e-04,2.622600e-04,3.758541e-05,9.999886e-01,7.579432e-02,2.755308e-02
1.780000e+02,1.492845e-03,3.182828e-05,2.166198e-03,nan,7.470245e-04,7.615143e-04,2.568663e-04,3.681242e-05,9.999828e-01,7.581391e-02,3.132796e-02
1.790000e+02,1.461892e-03,3.114794e-05,2.120971e-03,nan,7.316828e-04,7.458745e-04,2.515907e-04,3.605636e-05,9.999858e-01,7.583307e-02,2.912474e-02
1.800000e+02,1.431600e-03,3.048278e-05,2.076714e-03,1.613706e-03,7.166624e-04,7.305624e-04,2.464257e-04,3.531615e-05,9.999869e-01,7.585183e-02,3.061914e-02
1.810000e+02,1.401952e-03,2.983239e-05,2.033413e-03,nan,7.019609e-04,7.155755e-04,2.413703e-04,3.459164e-05,9.999821e-01,7.587017e-02,3.537607e-02
1.820000e+02,1.372935e-03,2.919624e-05,1.991037e-03,nan,6.875741e-04,7.009093e-04,2.364231e-04,3.388265e-05,9.999849e-01,7.588813e-02,2.970719e-02
1.830000e+02,1.344534e-03,2.857459e-05,1.949575e-03,nan,6.734927e-04,6.865544e-04,2.315809e-04,3.318871e-05,9.999853e-01,7.590569e-02,2.995610e-02
1.840000e+02,1.316737e-03,2.796626e-05,1.908996e-03,nan,6.597072e-04,6.725012e-04,2.268406e-04,3.250935e-05,9.999838e-01,7.592288e-02,3.178215e-02
1.850000e+02,1.289530e-03,2.737158e-05,1.869287e-03,nan,6.462118e-04,6.587438e-04,2.221999e-04,3.184429e-05,9.999802e-01,7.593970e-02,3.568077e-02
1.860000e+02,1.262899e-03,2.678971e-05,1.830426e-03,nan,6.330054e-04,6.452810e-04,2.176587e-04,3.119347e-05,9.999794e-01,7.595616e-02,4.164529e-02
1.870000e+02,1.236834e-03,2.622083e-05,1.792394e-03,nan,6.200750e-04,6.320995e-04,2.132124e-04,3.055625e-05,9.999804e-01,7.597226e-02,3.705764e-02
1.880000e+02,1.211320e-03,2.566438e-05,1.755174e-03,nan,6.074204e-04,6.191992e-04,2.088609e-04,2.993263e-05,9.999809e-01,7.598802e-02,3.383970e-02
1.890000e+02,1.186346e-03,2.512031e-05,1.718748e-03,nan,5.950321e-04,6.065704e-04,2.046010e-04,2.932213e-05,9.999799e-01,7.600343e-02,3.754950e-02
1.900000e+02,1.161901e-03,2.458777e-05,1.683095e-03,1.306787e-03,5.828996e-04,5.942023e-04,2.004290e-04,2.872424e-05,9.999758e-01,7.601852e-02,3.591037e-02
1.910000e+02,1.137972e-03,2.406709e-05,1.648203e-03,nan,5.710237e-04,5.820959e-04,1.963454e-04,2.813900e-05,9.999727e-01,7.603328e-02,6.923151e-02
1.920000e+02,1.114548e-03,2.355807e-05,1.614055e-03,nan,5.594015e-04,5.702481e-04,1.923489e-04,2.756625e-05,9.999763e-01,7.604772e-02,3.412175e-02
1.930000e+02,1.091619e-03,2.306022e-05,1.580638e-03,nan,5.480238e-04,5.586496e-04,1.884365e-04,2.700556e-05,9.999750e-01,7.606186e-02,3.310370e-02
1.940000e+02,1.069173e-03,2.257334e-05,1.547931e-03,nan,5.368842e-04,5.472937e-04,1.846060e-04,2.645660e-05,9.999771e-01,7.607569e-02,2.950025e-02
1.950000e+02,1.047199e-03,2.209686e-05,1.515916e-03,nan,5.259744e-04,5.361722e-04,1.808546e-04,2.591897e-05,9.999746e-01,7.608922e-02,3.363729e-02
1.960000e+02,1.025688e-03,2.163090e-05,1.484577e-03,nan,5.152930e-04,5.252834e-04,1.771817e-04,2.539259e-05,9.999702e-01,7.610247e-02,3.465009e-02
1.970000e+02,1.004630e-03,2.117516e-05,1.453907e-03,nan,5.048366e-04,5.146241e-04,1.735861e-04,2.487730e-05,9.999701e-01,7.611543e-02,4.302907e-02
1.980000e+02,9.840147e-04,2.072912e-05,1.423884e-03,nan,4.945979e-04,5.041867e-04,1.700654e-04,2.437274e-05,9.999688e-01,7.612811e-02,4.135680e-02
1.990000e+02,9.638323e-04,2.029283e-05,1.394495e-03,nan,4.845729e-04,4.939671e-04,1.666183e-04,2.387871e-05,9.999703e-01,7.614052e-02,4.102778e-02
2.000000e+02,9.440738e-04,1.986609e-05,1.365727e-03,1.059610e-03,4.747529e-04,4.839566e-04,1.632416e-04,2.339479e-05,9.999630e-01,7.615267e-02,3.382206e-02
2.010000e+02,9.247301e-04,1.944820e-05,1.337567e-03,nan,4.651414e-04,4.741586e-04,1.599366e-04,2.292114e-05,9.999638e-01,7.616455e-02,4.701996e-02
2.020000e+02,9.057922e-04,1.903967e-05,1.310003e-03,nan,4.557263e-04,4.645608e-04,1.566991e-04,2.245717e-05,9.999555e-01,7.617619e-02,3.533030e-02
2.030000e+02,8.872512e-04,1.863993e-05,1.283019e-03,nan,4.465135e-04,4.551692e-04,1.535312e-04,2.200317e-05,9.999618e-01,7.618757e-02,3.346920e-02
2.040000e+02,8.690987e-04,1.824877e-05,1.256607e-03,nan,4.374883e-04,4.459690e-04,1.504279e-04,2.155842e-05,9.999615e-01,7.619871e-02,3.486466e-02
2.050000e+02,8.513262e-04,1.786611e-05,1.230745e-03,nan,4.286488e-04,4.369579e-04,1.473883e-04,2.112281e-05,9.999572e-01,7.620961e-02,3.614068e-02
2.060000e+02,8.339253e-04,1.749202e-05,1.205439e-03,nan,4.199961e-04,4.281373e-04,1.444130e-04,2.069641e-05,9.999579e-01,7.622028e-02,3.868032e-02
2.070000e+02,8.168883e-04,1.712566e-05,1.180657e-03,nan,4.115181e-04,4.194949e-04,1.414979e-04,2.027863e-05,9.999524e-01,7.623072e-02,3.624296e-02
2.080000e+02,8.002073e-04,1.676723e-05,1.156400e-03,nan,4.032177e-04,4.110334e-04,1.386437e-04,1.986959e-05,9.999523e-01,7.624093e-02,3.821278e-02
2.090000e+02,7.838745e-04,1.641680e-05,1.132652e-03,nan,3.950902e-04,4.027482e-04,1.358490e-04,1.946907e-05,9.999502e-01,7.625093e-02,3.395867e-02
2.100000e+02,7.678827e-04,1.607356e-05,1.109399e-03,8.601909e-04,3.871267e-04,3.946302e-04,1.331107e-04,1.907664e-05,9.999444e-01,7.626072e-02,3.175521e-02
2.110000e+02,7.522240e-04,1.573836e-05,1.086649e-03,nan,3.793330e-04,3.866853e-04,1.304308e-04,1.869258e-05,9.999449e-01,7.627030e-02,3.745222e-02
2.120000e+02,7.368918e-04,1.540964e-05,1.064360e-03,nan,3.716952e-04,3.788994e-04,1.278046e-04,1.831620e-05,9.999418e-01,7.627967e-02,4.358411e-02
2.130000e+02,7.218786e-04,1.508872e-05,1.042555e-03,nan,3.642212e-04,3.712804e-04,1.252346e-04,1.794788e-05,9.999404e-01,7.628884e-02,4.311681e-02
2.140000e+02,7.071778e-04,1.477421e-05,1.021192e-03,nan,3.568950e-04,3.638121e-04,1.227155e-04,1.758686e-05,9.999364e-01,7.629782e-02,4.419398e-02
2.150000e+02,6.927826e-04,1.446674e-05,1.000288e-03,nan,3.497254e-04,3.565034e-04,1.202502e-04,1.723355e-05,9.999359e-01,7.630661e-02,3.124118e-02
2.160000e+02,6.786870e-04,1.416529e-05,9.798114e-04,nan,3.426970e-04,3.493387e-04,1.178334e-04,1.688720e-05,9.999313e-01,7.631522e-02,3.605461e-02
2.170000e+02,6.648840e-04,1.387089e-05,9.597681e-04,nan,3.358184e-04,3.423267e-04,1.154683e-04,1.654824e-05,9.999345e-01,7.632364e-02,4.221797e-02
2.180000e+02,6.513675e-04,1.358254e-05,9.401445e-04,nan,3.290798e-04,3.354574e-04,1.131512e-04,1.621616e-05,9.999331e-01,7.633188e-02,3.687406e-02
2.190000e+02,6.381317e-04,1.330020e-05,9.209263e-04,nan,3.224762e-04,3.287257e-04,1.108805e-04,1.589075e-05,9.999279e-01,7.633994e-02,4.625607e-02
2.200000e+02,6.251708e-04,1.302358e-05,9.021070e-04,6.990490e-04,3.160059e-04,3.221300e-04,1.086557e-04,1.557191e-05,9.999162e-01,7.634784e-02,3.799343e-02
2.210000e+02,6.124788e-04,1.275307e-05,8.836803e-04,nan,3.096729e-04,3.156741e-04,1.064781e-04,1.525982e-05,9.999166e-01,7.635556e-02,3.841543e-02
2.220000e+02,6.000498e-04,1.248842e-05,8.656414e-04,nan,3.034698e-04,3.093507e-04,1.043452e-04,1.495415e-05,9.999213e-01,7.636312e-02,7.431412e-02
2.230000e+02,5.878784e-04,1.222939e-05,8.479766e-04,nan,2.973918e-04,3.031549e-04,1.022553e-04,1.465463e-05,9.999133e-01,7.637052e-02,3.541136e-02
2.240000e+02,5.759591e-04,1.197570e-05,8.306782e-04,nan,2.914353e-04,2.970828e-04,1.002071e-04,1.436111e-05,9.999013e-01,7.637777e-02,3.584051e-02
2.250000e+02,5.642865e-04,1.172765e-05,8.137461e-04,nan,2.856072e-04,2.911417e-04,9.820311e-05,1.407390e-05,9.999039e-01,7.638486e-02,3.629971e-02
2.260000e+02,5.528554e-04,1.148471e-05,7.971617e-04,nan,2.798937e-04,2.853174e-04,9.623855e-05,1.379236e-05,9.998984e-01,7.639180e-02,3.339553e-02
2.270000e+02,5.416605e-04,1.124703e-05,7.809216e-04,nan,2.742984e-04,2.796137e-04,9.431463e-05,1.351663e-05,9.998963e-01,7.639859e-02,3.499413e-02
2.280000e+02,5.306970e-04,1.101440e-05,7.650227e-04,nan,2.688197e-04,2.740287e-04,9.243078e-05,1.324665e-05,9.999000e-01,7.640524e-02,3.265285e-02
2.290000e+02,5.199602e-04,1.078647e-05,7.494488e-04,nan,2.634454e-04,2.685502e-04,9.058283e-05,1.298181e-05,9.998876e-01,7.641175e-02,3.348684e-02
2.300000e+02,5.094449e-04,1.056356e-05,7.342019e-04,5.686598e-04,2.581855e-04,2.631883e-04,8.877423e-05,1.272262e-05,9.998822e-01,7.641812e-02,5.401683e-02
2.310000e+02,4.991464e-04,1.034564e-05,7.192748e-04,nan,2.530329e-04,2.579358e-04,8.700254e-05,1.246871e-05,9.998765e-01,7.642435e-02,3.193879e-02
2.320000e+02,4.890606e-04,1.013167e-05,7.046480e-04,nan,2.479848e-04,2.527898e-04,8.526675e-05,1.221995e-05,9.998782e-01,7.643045e-02,3.254056e-02
2.330000e+02,4.791826e-04,9.922828e-06,6.903356e-04,nan,2.430374e-04,2.477465e-04,8.356561e-05,1.197615e-05,9.998683e-01,7.643643e-02,3.242636e-02
2.340000e+02,4.695079e-04,9.718345e-06,6.763148e-04,nan,2.381906e-04,2.428058e-04,8.189908e-05,1.173731e-05,9.998535e-01,7.644228e-02,6.070518e-02
2.350000e+02,4.600325e-04,9.517933e-06,6.625840e-04,nan,2.334448e-04,2.379679e-04,8.026723e-05,1.150345e-05,9.998510e-01,7.644800e-02,3.842163e-02
2.360000e+02,4.507520e-04,9.322076e-06,6.491400e-04,nan,2.287982e-04,2.332313e-04,7.866953e-05,1.127447e-05,9.998562e-01,7.645360e-02,3.025723e-02
2.370000e+02,4.416622e-04,9.130191e-06,6.359747e-04,nan,2.242412e-04,2.285859e-04,7.710263e-05,1.104991e-05,9.998472e-01,7.645909e-02,3.101516e-02
2.380000e+02,4.327595e-04,8.942236e-06,6.230749e-04,nan,2.197734e-04,2.240315e-04,7.556640e-05,1.082975e-05,9.998261e-01,7.646446e-02,4.717922e-02
2.390000e+02,4.240393e-04,8.758659e-06,6.104530e-04,nan,2.154042e-04,2.195776e-04,7.406408e-05,1.061445e-05,9.998328e-01,7.646971e-02,3.416204e-02
2.400000e+02,4.154982e-04,8.578657e-06,5.980864e-04,4.630318e-04,2.111197e-04,2.152100e-04,7.259085e-05,1.040331e-05,9.998201e-01,7.647486e-02,3.460741e-02
2.410000e+02,4.071323e-04,8.402548e-06,5.859777e-04,nan,2.069226e-04,2.109316e-04,7.114772e-05,1.019649e-05,9.998168e-01,7.647990e-02,3.361917e-02
2.420000e+02,3.989379e-04,8.230149e-06,5.741124e-04,nan,2.028085e-04,2.067378e-04,6.973312e-05,9.993761e-06,9.998062e-01,7.648483e-02,3.784728e-02
2.430000e+02,3.909113e-04,8.061554e-06,5.625044e-04,nan,1.987797e-04,2.026308e-04,6.834783e-05,9.795229e-06,9.997910e-01,7.648966e-02,3.318238e-02
2.440000e+02,3.830492e-04,7.896152e-06,5.511229e-04,nan,1.948304e-04,1.986050e-04,6.698990e-05,9.600619e-06,9.997823e-01,7.649438e-02,3.730321e-02
2.450000e+02,3.753479e-04,7.734512e-06,5.399857e-04,nan,1.909665e-04,1.946662e-04,6.566132e-05,9.410215e-06,9.997861e-01,7.649901e-02,3.934264e-02
2.460000e+02,3.678044e-04,7.575976e-06,5.290674e-04,nan,1.871748e-04,1.908010e-04,6.435757e-05,9.223369e-06,9.997740e-01,7.650354e-02,3.122091e-02
2.470000e+02,3.604150e-04,7.421081e-06,5.183854e-04,nan,1.834606e-04,1.870148e-04,6.308046e-05,9.040341e-06,9.997576e-01,7.650798e-02,3.626418e-02
2.480000e+02,3.531767e-04,7.269211e-06,5.079169e-04,nan,1.798226e-04,1.833063e-04,6.182956e-05,8.861069e-06,9.997504e-01,7.651232e-02,3.218150e-02
2.490000e+02,3.460864e-04,7.120493e-06,4.976643e-04,nan,1.762568e-04,1.796713e-04,6.060348e-05,8.685355e-06,9.997393e-01,7.651657e-02,2.848291e-02
2.500000e+02,3.391411e-04,6.974848e-06,4.876187e-04,3.773499e-04,1.727660e-04,1.761129e-04,5.940321e-05,8.513338e-06,9.997455e-01,7.652073e-02,3.580022e-02
2.510000e+02,3.323376e-04,6.832283e-06,4.777846e-04,nan,1.693428e-04,1.726233e-04,5.822616e-05,8.344650e-06,9.997255e-01,7.652481e-02,2.974963e-02
2.520000e+02,3.256732e-04,6.692440e-06,4.681448e-04,nan,1.659839e-04,1.691994e-04,5.707124e-05,8.179134e-06,9.997017e-01,7.652880e-02,2.840161e-02
2.530000e+02,3.191450e-04,6.555667e-06,4.587071e-04,nan,1.626970e-04,1.658488e-04,5.594107e-05,8.017165e-06,9.996893e-01,7.653270e-02,3.258562e-02
2.540000e+02,3.127502e-04,6.421592e-06,4.494622e-04,nan,1.594741e-04,1.625634e-04,5.483290e-05,7.858349e-06,9.996718e-01,7.653652e-02,2.949643e-02
2.550000e+02,3.064860e-04,6.290316e-06,4.404026e-04,nan,1.563205e-04,1.593487e-04,5.374855e-05,7.702947e-06,9.996694e-01,7.654027e-02,2.824569e-02
2.560000e+02,3.003494e-04,6.162173e-06,4.315400e-04,nan,1.532295e-04,1.561978e-04,5.268576e-05,7.550633e-06,9.996532e-01,7.654393e-02,3.001928e-02
2.570000e+02,2.943378e-04,6.036509e-06,4.228498e-04,nan,1.501989e-04,1.531084e-04,5.164369e-05,7.401290e-06,9.996552e-01,7.654752e-02,3.311253e-02
2.580000e+02,2.884490e-04,5.913152e-06,4.143412e-04,nan,1.472278e-04,1.500798e-04,5.062213e-05,7.254885e-06,9.996242e-01,7.655103e-02,2.810264e-02
2.590000e+02,2.826805e-04,5.792372e-06,4.059992e-04,nan,1.443140e-04,1.471096e-04,4.962026e-05,7.111303e-06,9.995965e-01,7.655447e-02,2.899003e-02
2.600000e+02,2.770293e-04,5.674427e-06,3.978401e-04,3.077731e-04,1.414645e-04,1.442048e-04,4.864048e-05,6.970887e-06,9.995915e-01,7.655783e-02,3.007340e-02
2.610000e+02,2.714933e-04,5.558699e-06,3.898387e-04,nan,1.386687e-04,1.413548e-04,4.767917e-05,6.833117e-06,9.995649e-01,7.656113e-02,3.206587e-02
2.620000e+02,2.660702e-04,5.445334e-06,3.819997e-04,nan,1.359305e-04,1.385635e-04,4.673766e-05,6.698186e-06,9.995555e-01,7.656435e-02,2.916312e-02
2.630000e+02,2.607572e-04,5.334662e-06,3.743306e-04,nan,1.332489e-04,1.358300e-04,4.581563e-05,6.566045e-06,9.995464e-01,7.656751e-02,3.315735e-02
2.640000e+02,2.555522e-04,5.226236e-06,3.668168e-04,nan,1.306201e-04,1.331502e-04,4.491173e-05,6.436504e-06,9.995247e-01,7.657061e-02,2.982855e-02
2.650000e+02,2.504530e-04,5.119897e-06,3.594516e-04,nan,1.280407e-04,1.305208e-04,4.402483e-05,6.309399e-06,9.995013e-01,7.657363e-02,3.070283e-02
2.660000e+02,2.454576e-04,5.015741e-06,3.522396e-04,nan,1.255155e-04,1.279467e-04,4.315658e-05,6.184966e-06,9.994779e-01,7.657660e-02,2.846408e-02
2.670000e+02,2.405638e-04,4.913571e-06,3.451690e-04,nan,1.230380e-04,1.254213e-04,4.230473e-05,6.062884e-06,9.994495e-01,7.657950e-02,3.110218e-02
2.680000e+02,2.357692e-04,4.813951e-06,3.382544e-04,nan,1.206162e-04,1.229525e-04,4.147200e-05,5.943542e-06,9.994459e-01,7.658234e-02,3.801036e-02
2.690000e+02,2.310723e-04,4.715918e-06,3.314660e-04,nan,1.182343e-04,1.205245e-04,4.065302e-05,5.826171e-06,9.993952e-01,7.658513e-02,2.949786e-02
2.700000e+02,2.264706e-04,4.620150e-06,3.248248e-04,2.512370e-04,1.159050e-04,1.181500e-04,3.985209e-05,5.711386e-06,9.993828e-01,7.658785e-02,2.929902e-02
2.710000e+02,2.219623e-04,4.526464e-06,3.183195e-04,nan,1.136237e-04,1.158245e-04,3.906772e-05,5.598974e-06,9.993654e-01,7.659052e-02,3.814173e-02
2.720000e+02,2.175455e-04,4.434563e-06,3.119446e-04,nan,1.113847e-04,1.135421e-04,3.829785e-05,5.488640e-06,9.993352e-01,7.659313e-02,4.342675e-02
2.730000e+02,2.132182e-04,4.344658e-06,3.057003e-04,nan,1.091947e-04,1.113097e-04,3.754484e-05,5.380724e-06,9.993251e-01,7.659569e-02,2.954102e-02
2.740000e+02,2.089786e-04,4.256556e-06,2.995830e-04,nan,1.070440e-04,1.091174e-04,3.680538e-05,5.274748e-06,9.992765e-01,7.659819e-02,3.209805e-02
2.750000e+02,2.048249e-04,4.170327e-06,2.935926e-04,nan,1.049375e-04,1.069700e-04,3.608105e-05,5.170941e-06,9.992547e-01,7.660064e-02,3.256416e-02
2.760000e+02,2.007554e-04,4.085823e-06,2.877214e-04,nan,1.028718e-04,1.048643e-04,3.537080e-05,5.069152e-06,9.992221e-01,7.660304e-02,2.868938e-02
2.770000e+02,1.967683e-04,4.003023e-06,2.819695e-04,nan,1.008484e-04,1.028017e-04,3.467507e-05,4.969445e-06,9.991853e-01,7.660539e-02,2.913308e-02
2.780000e+02,1.928619e-04,3.922012e-06,2.763357e-04,nan,9.886203e-05,1.007768e-04,3.399209e-05,4.871564e-06,9.991336e-01,7.660769e-02,2.937508e-02
2.790000e+02,1.890344e-04,3.842755e-06,2.708182e-04,nan,9.692181e-05,9.879902e-05,3.332497e-05,4.775956e-06,9.991141e-01,7.660995e-02,2.950168e-02
2.800000e+02,1.852845e-04,3.764897e-06,2.654099e-04,2.052632e-04,9.501729e-05,9.685760e-05,3.267013e-05,4.682107e-06,9.990769e-01,7.661215e-02,3.802514e-02
2.810000e+02,1.816103e-04,3.688896e-06,2.601148e-04,nan,9.315009e-05,9.495422e-05,3.202812e-05,4.590097e-06,9.990314e-01,7.661431e-02,3.617311e-02
2.820000e+02,1.780104e-04,3.614287e-06,2.549231e-04,nan,9.131924e-05,9.308790e-05,3.139860e-05,4.499879e-06,9.989902e-01,7.661643e-02,3.376126e-02
2.830000e+02,1.744833e-04,3.541223e-06,2.498377e-04,nan,8.952780e-05,9.126176e-05,3.078264e-05,4.411603e-06,9.989730e-01,7.661850e-02,3.359008e-02
2.840000e+02,1.710274e-04,3.469765e-06,2.448559e-04,nan,8.776732e-05,8.946718e-05,3.017732e-05,4.324852e-06,9.988969e-01,7.662053e-02,3.033948e-02
2.850000e+02,1.676414e-04,3.399518e-06,2.399748e-04,nan,8.604672e-05,8.771324e-05,2.958572e-05,4.240067e-06,9.988775e-01,7.662251e-02,3.104639e-02
2.860000e+02,1.643237e-04,3.330965e-06,2.351924e-04,nan,8.435736e-05,8.599115e-05,2.900485e-05,4.156821e-06,9.988318e-01,7.662446e-02,2.916288e-02
2.870000e+02,1.610730e-04,3.263806e-06,2.305109e-04,nan,8.270268e-05,8.430442e-05,2.843592e-05,4.075283e-06,9.987805e-01,7.662636e-02,3.064966e-02
2.880000e+02,1.578878e-04,3.197955e-06,2.259195e-04,nan,8.108091e-05,8.265123e-05,2.787829e-05,3.995368e-06,9.987474e-01,7.662823e-02,2.895117e-02
2.890000e+02,1.547669e-04,3.133491e-06,2.214259e-04,nan,7.949023e-05,8.102973e-05,2.733136e-05,3.916984e-06,9.986795e-01,7.663005e-02,2.906656e-02
2.900000e+02,1.517089e-04,3.070282e-06,2.170214e-04,1.678454e-04,7.793291e-05,7.944225e-05,2.679590e-05,3.840245e-06,9.986459e-01,7.663184e-02,2.879691e-02
2.910000e+02,1.487126e-04,3.008473e-06,2.127033e-04,nan,7.640504e-05,7.788478e-05,2.627056e-05,3.764957e-06,9.985861e-01,7.663359e-02,3.102160e-02
2.920000e+02,1.457768e-04,2.947659e-06,2.084699e-04,nan,7.490322e-05,7.635387e-05,2.575418e-05,3.690952e-06,9.984874e-01,7.663531e-02,2.913785e-02
2.930000e+02,1.428999e-04,2.888613e-06,2.043354e-04,nan,7.344007e-05,7.486237e-05,2.525110e-05,3.618853e-06,9.984652e-01,7.663699e-02,2.818656e-02
2.940000e+02,1.400811e-04,2.830269e-06,2.002686e-04,nan,7.199872e-05,7.339310e-05,2.475551e-05,3.547828e-06,9.983891e-01,7.663863e-02,3.184676e-02
2.950000e+02,1.373192e-04,2.773224e-06,1.962918e-04,nan,7.058879e-05,7.195586e-05,2.427073e-05,3.478352e-06,9.983239e-01,7.664024e-02,3.066111e-02
2.960000e+02,1.346126e-04,2.717739e-06,1.924027e-04,nan,6.920712e-05,7.054742e-05,2.379566e-05,3.410267e-06,9.982579e-01,7.664182e-02,2.969813e-02
2.970000e+02,1.319604e-04,2.663200e-06,1.885858e-04,nan,6.785323e-05,6.916731e-05,2.333014e-05,3.343552e-06,9.981823e-01,7.664336e-02,2.960324e-02
2.980000e+02,1.293618e-04,2.609324e-06,1.848386e-04,nan,6.652226e-05,6.781056e-05,2.287251e-05,3.277967e-06,9.980888e-01,7.664487e-02,2.865267e-02
2.990000e+02,1.268154e-04,2.557030e-06,1.811713e-04,nan,6.521933e-05,6.648239e-05,2.242452e-05,3.213763e-06,9.980071e-01,7.664635e-02,2.907872e-02
3.000000e+02,1.243201e-04,2.505720e-06,1.775861e-04,1.373761e-04,6.394658e-05,6.518498e-05,2.198690e-05,3.151046e-06,9.979652e-01,7.664780e-02,2.825713e-02
3.010000e+02,1.218753e-04,2.455107e-06,1.740614e-04,nan,6.269211e-05,6.390622e-05,2.155557e-05,3.089231e-06,9.978611e-01,7.664922e-02,3.795123e-02
3.020000e+02,1.194795e-04,2.405837e-06,1.706122e-04,nan,6.146455e-05,6.265488e-05,2.113349e-05,3.028741e-06,9.977742e-01,7.665061e-02,3.142691e-02
3.030000e+02,1.171321e-04,2.357384e-06,1.672347e-04,nan,6.026231e-05,6.142935e-05,2.072012e-05,2.969498e-06,9.976977e-01,7.665197e-02,3.253365e-02
3.040000e+02,1.148320e-04,2.309970e-06,1.639211e-04,nan,5.908252e-05,6.022671e-05,2.031447e-05,2.911363e-06,9.975718e-01,7.665330e-02,3.046632e-02
3.050000e+02,1.125778e-04,2.263878e-06,1.606820e-04,nan,5.792966e-05,5.905152e-05,1.991808e-05,2.854554e-06,9.975092e-01,7.665461e-02,3.093815e-02
3.060000e+02,1.103690e-04,2.218333e-06,1.575031e-04,nan,5.679327e-05,5.789312e-05,1.952735e-05,2.798556e-06,9.973404e-01,7.665589e-02,2.937245e-02
3.070000e+02,1.082043e-04,2.174157e-06,1.543938e-04,nan,5.568724e-05,5.676566e-05,1.914706e-05,2.744055e-06,9.972932e-01,7.665714e-02,3.047395e-02
3.080000e+02,1.060833e-04,2.130295e-06,1.513409e-04,nan,5.459349e-05,5.565073e-05,1.877099e-05,2.690159e-06,9.971089e-01,7.665836e-02,3.058934e-02
3.090000e+02,1.040052e-04,2.087327e-06,1.483409e-04,nan,5.352626e-05,5.456282e-05,1.840404e-05,2.637569e-06,9.970413e-01,7.665956e-02,3.180027e-02
3.100000e+02,1.019687e-04,2.045590e-06,1.454156e-04,1.125519e-04,5.247949e-05,5.349578e-05,1.804412e-05,2.585989e-06,9.969122e-01,7.666074e-02,2.871561e-02
3.110000e+02,9.997286e-05,2.004851e-06,1.425503e-04,nan,5.145689e-05,5.245337e-05,1.769252e-05,2.535598e-06,9.968111e-01,7.666189e-02,3.297853e-02
